Event,Slug,Script,Episode,What to review,Era,Region,Severity,Category,Anchor (narrator),Why this anchor,Doc voice M,Doc voice F,Anchor wpm,Word ceiling,Words,Est. minutes,Rendered minutes,Drift vs estimate (min),Gate,Perspectives,Perspective titles,Scenes,Rests,Documents read aloud,Voices in script,Cold open (the misconception it refuses),Close (last beat),Written before these rules existed,Chapters,File MB,Listen,Event page
Apartheid and Its End,apartheid,written,rendered,"audio CONTRADICTS the current script: re-render or withdraw // gate: warn H-11 // predates H-11: check any read-aloud quote the record marks attributed, paraphrased, secondhand or written in someone else's voice // predates the unnamed-witness rule: check any quote from a speaker the record does not name says so aloud // predates the per-voice budget: its length was sized against one average rate, not its own anchor // predates the institutional-voice convention: a report or agency may be read in the F voice",contemporary,,catastrophic,political,am_michael,"catastrophic political: dark, but not funereal",bm_daniel,af_aoede,140.0,1946,1727,13.3,14.02,0.72,warn H-11,5,ANC and the Liberation Movement | Afrikaner Nationalist | Black Consciousness Movement | International Sanctions Movement | Truth and Reconciliation,5,6,1,F+M+N,"Nelson Mandela is remembered as a man of patience, not war. In December nineteen sixty one, the ANC's armed wing, Umkhonto we Sizwe, began attacking power stations and railway lines. Mandela had gone underground to help build it. It chose to begin on the sixteenth of December: the day white South Africans celebrated their own military victory, over the Zulu, at Blood River, in eighteen thirty eight. The symbolism was deliberate.","Mandela was inaugurated on the tenth of May, nineteen ninety four, at the Union Buildings in Pretoria. Forty six years earlier, the apartheid state had been administered from the same complex. The Truth and Reconciliation Commission later heard testimony from twenty one thousand victims and granted amnesty to fifteen hundred people who told the truth about what they had done. In nineteen ninety four, white South Africans, ten percent of the population, owned eighty seven percent of the land. By twenty twenty four, that number had barely moved.",per-voice length budget (H-07); H-11 paraphrase rule; H-11 secondhand + impersonated voice; unnamed-witness disclosure rule; institutional-voice convention,15,12.9,https://news.voidvision.org/audio/history/apartheid.mp3,https://news.voidvision.org/history/apartheid/
Apollo 11 and the Space Race,apollo-11-moon-landing,written,rendered,"predates H-11: check any read-aloud quote the record marks attributed, paraphrased, secondhand or written in someone else's voice // predates the unnamed-witness rule: check any quote from a speaker the record does not name says so aloud // predates the per-voice budget: its length was sized against one average rate, not its own anchor // predates the institutional-voice convention: a report or agency may be read in the F voice",contemporary,,critical,cultural,bm_daniel,cultural: warm and unhurried,am_michael,af_aoede,168.0,2335,1912,12.53,13.82,1.29,clean,5,American triumph | The Soviet space programme | The domestic critique | The engineers | The Global South,4,5,6,F+M+N,"In the summer of nineteen sixty nine, the United States, a country that could not reliably integrate its own schools, landed two men on the Moon. Eight years, four hundred thousand people, and twenty five seconds of fuel.","Two Americans, Armstrong and Aldrin, landed on the Moon on the twentieth of July, nineteen sixty nine, eight years after a president asked Congress to pay for it; Collins waited in orbit. The Soviet Union, which had led the Space Race since nineteen fifty seven, came second. The last people left the Moon in December nineteen seventy two. What stayed was less obvious than a flag. The integrated circuit found its first buyer at scale, and the industry that grew from it is the one you are listening on. And there was a photograph: the Earth seen from lunar distance, a blue marble in black vacuum, which became the emblem of the environmental movement founded in the same decade. The largest peacetime engineering project ever attempted is best remembered for what it showed when it looked back. Eight years, four hundred thousand people, and twenty five seconds of fuel.",per-voice length budget (H-07); H-11 paraphrase rule; H-11 secondhand + impersonated voice; unnamed-witness disclosure rule; institutional-voice convention,17,12.7,https://news.voidvision.org/audio/history/apollo-11-moon-landing.mp3,https://news.voidvision.org/history/apollo-11-moon-landing/
Ashoka and the Maurya Empire,ashoka-maurya-empire,written,rendered,"audio CONTRADICTS the current script: re-render or withdraw // gate: warn H-10; warn H-10; warn H-18; warn H-18 // predates H-11: check any read-aloud quote the record marks attributed, paraphrased, secondhand or written in someone else's voice // predates the unnamed-witness rule: check any quote from a speaker the record does not name says so aloud // predates the per-voice budget: its length was sized against one average rate, not its own anchor // predates the institutional-voice convention: a report or agency may be read in the F voice",ancient,,major,empire,bm_george,major empire: mid weight,bm_lewis,af_aoede,145.0,2015,1524,11.39,11.31,-0.08,warn H-10; warn H-10; warn H-18; warn H-18,5,Ashoka's own account | Kalinga | The Buddhist tradition | The Ambedkarite reading | The southern kingdoms,3,5,3,M+N,"Monuments are built by winners and they all say the same thing. I won. Here is the enemy under my feet. Here is the number of them. There is one that gives the number and then says the wrong thing afterwards. It was cut into rock faces across a subcontinent, in the reigning emperor's own voice, and as far as anybody has found, it is the first time in recorded history that a ruler used a public monument to say that a war he had won should not have been fought.","The treatise on informers and assassination was lost for most of two thousand years. A manuscript surfaced in southern India in nineteen oh five, which means that for centuries the edicts were the only surviving voice of that state, and the other half of the machinery was missing from the picture. When India became a republic it took its national emblem from the lions carved on top of one of Ashoka's pillars, and put the wheel from the same capital in the middle of the flag. The missions he sent south outlasted his own dynasty by more than two thousand years. The form of Buddhism they carried is still the majority religion of Sri Lanka. The rock is still on the cliff face. You can walk up to it and read the number.",per-voice length budget (H-07); H-11 paraphrase rule; H-11 secondhand + impersonated voice; unnamed-witness disclosure rule; institutional-voice convention,13,10.4,https://news.voidvision.org/audio/history/ashoka-maurya-empire.mp3,https://news.voidvision.org/history/ashoka-maurya-empire/
Columbus and the Columbian Exchange,columbian-exchange,written,rendered,audio CONTRADICTS the current script: re-render or withdraw // predates the institutional-voice convention: a report or agency may be read in the F voice,early-modern,,catastrophic,political,am_michael,"catastrophic political: dark, but not funereal",bm_daniel,af_aoede,140.0,1946,1665,12.95,13.23,0.28,clean,5,Spanish Imperial | Taino / Indigenous Caribbean | Ecological / Biological | World-Systems / Capitalist Origins | African Diasporic,5,6,2,M+N,"Ninety percent of the people who lived in the Western Hemisphere in fourteen ninety two were dead within about a hundred years. Say that number out loud and most people picture soldiers, horses and steel. The record does not agree. Old World diseases, smallpox, measles, influenza, typhus, killed an estimated fifty six million people across the Americas by sixteen hundred. The pathogens moved faster than any army, or any rumor of one. They killed so many people, so fast, that the farmland they left behind grew back into forest, and the forest pulled enough carbon out of the air to show up in ice cores drilled in Antarctica today. That is not a metaphor. That is measured.","By fifteen forty eight, fewer than five hundred Taino are left on Hispaniola. A quarter of a million people, gone in fifty six years. But a two thousand eighteen genetic study found that modern Puerto Ricans carry, on average, fourteen percent Indigenous ancestry. It survived through the bodies of women who had no say in the matter. They were not asked. They were not erased either.",institutional-voice convention,15,12.1,https://news.voidvision.org/audio/history/columbian-exchange.mp3,https://news.voidvision.org/history/columbian-exchange/
Fall of the Western Roman Empire,fall-of-rome,written,rendered,"audio CONTRADICTS the current script: re-render or withdraw // gate: warn H-11 // predates H-11: check any read-aloud quote the record marks attributed, paraphrased, secondhand or written in someone else's voice // predates the unnamed-witness rule: check any quote from a speaker the record does not name says so aloud // predates the institutional-voice convention: a report or agency may be read in the F voice",classical,,catastrophic,empire,am_michael,"catastrophic empire: dark, but not funereal",bm_daniel,af_aoede,140.0,1946,1687,13.02,13.75,0.73,warn H-11,5,Late Roman / Imperial | Germanic Successor Kingdoms | Eastern Roman / Byzantine | Modern Historiographic Debate: Fall vs. Transformation | North African / Berber,5,6,1,M+N,"Say the fall of Rome and most people picture fire: legions broken, a city burning, the barbarians at the gates. On the day historians use to mark the end of the Western Roman Empire, there was no battle. No siege. No sack. A sixteen year old emperor surrendered without a fight, and the man who deposed him gave him a pension and a house on the Bay of Naples. The empire did not fall. It was retired.","Decades before Romulus surrendered, Emperor Honorius kept a pet hen at Ravenna. He had named her Roma. A messenger arrived to tell him Rome had perished. Honorius, by the account that survives, was relieved. He thought the man meant the hen.",H-11 secondhand + impersonated voice; unnamed-witness disclosure rule; institutional-voice convention,15,12.6,https://news.voidvision.org/audio/history/fall-of-rome.mp3,https://news.voidvision.org/history/fall-of-rome/
September 11 and the War on Terror,september-11-attacks,written,rendered,"audio CONTRADICTS the current script: re-render or withdraw // predates H-11: check any read-aloud quote the record marks attributed, paraphrased, secondhand or written in someone else's voice // predates the institutional-voice convention: a report or agency may be read in the F voice",contemporary,,catastrophic,war,bm_lewis,catastrophic war: the gravest voice,bm_george,af_aoede,146.0,2029,1794,13.61,14.71,1.1,clean,5,American Establishment | Afghan and Iraqi Civilian | Intelligence Community: The Blowback Thesis | Muslim Diaspora: Under Suspicion | Global South: The Unipolar Fracture,7,5,3,F+M+N,"Two countries paid for what happened that morning. Neither one attacked it. Fifteen of the nineteen hijackers were Saudi citizens. None were Iraqi. None were Afghan. Eighteen months after the towers fell, the United States invaded a country with no hijackers in it, on a case that fell apart.","On August the thirtieth, two thousand twenty one, the last American soldier left Afghanistan. The Taliban had already retaken Kabul, eleven days before the final withdrawal. The twenty year war ended exactly where it began: with the Taliban in Kabul.",H-11 secondhand + impersonated voice; institutional-voice convention,17,13.5,https://news.voidvision.org/audio/history/september-11-attacks.mp3,https://news.voidvision.org/history/september-11-attacks/
The 1918 Influenza Pandemic,spanish-flu-1918,written,rendered,"gate: warn H-10; warn H-10 // predates H-11: check any read-aloud quote the record marks attributed, paraphrased, secondhand or written in someone else's voice // predates the unnamed-witness rule: check any quote from a speaker the record does not name says so aloud // predates the per-voice budget: its length was sized against one average rate, not its own anchor // predates the institutional-voice convention: a report or agency may be read in the F voice",contemporary,,catastrophic,disaster,bm_lewis,catastrophic disaster: the gravest voice,bm_george,af_aoede,146.0,2029,1892,14.99,14.16,-0.83,warn H-10; warn H-10,5,Wartime Governments and Censorship | Public Health and Medicine | Colonial and Global South Populations | Pacific and Indigenous Peoples | Epidemiology and Historical Memory,5,7,7,F+M+N,In nineteen twenty the Government of India wrote that there was no method by which the deaths due to influenza could be calculated. Then it calculated: seven million eighty nine thousand six hundred and ninety four. Nobody counted the dead. Everyone who estimated them said so first.,"The influenza of nineteen eighteen travelled with the First World War and reached every inhabited continent. Its dead were estimated, never counted: about seven million in British India in one year, seven thousand five hundred and forty two in Western Samoa, and for the world a range from fifteen million to a hundred million. Britain's Ministry of Health, looking back in nineteen twenty, wrote that the disease simply had its way. It came, the report says, like a thief in the night and stole treasure. Nobody counted the dead. Everyone who estimated them said so first.",per-voice length budget (H-07); H-11 paraphrase rule; H-11 secondhand + impersonated voice; unnamed-witness disclosure rule; institutional-voice convention,15,13.0,https://news.voidvision.org/audio/history/spanish-flu-1918.mp3,https://news.voidvision.org/history/spanish-flu-1918/
The 2008 Global Financial Crisis,global-financial-crisis-2008,written,rendered,audio CONTRADICTS the current script: re-render or withdraw // gate: warn H-18; warn H-18,contemporary,,catastrophic,economic,am_michael,"catastrophic economic: dark, but not funereal",bm_daniel,af_aoede,140.0,1946,1769,13.69,14.19,0.5,warn H-18; warn H-18,5,The Deregulation Account | The Firefighters | Main Street and Occupy | The Global Periphery | The Causes Debate,5,5,2,F+M+N,"The story people tell is that two thousand and eight was a shock, a storm out of a clear sky, an accident nobody could have priced in. Warren Buffett had already called the instruments at the center of it ""financial weapons of mass destruction"" in two thousand and two, six years before Lehman Brothers fell. Raghuram Rajan, the IMF's chief economist, told a room of central bankers in two thousand and five that the financial system carried a real risk of a catastrophic meltdown, and was, by his own account, received as a Luddite. The commission that spent two years investigating the wreckage did not call any of it an accident.","Treasury eventually recovered its investment in the banks, at a profit. Not one senior Wall Street executive went to prison for the crisis. The distance between those two facts became the politics of the next decade.",none (has every current rule),15,13.0,https://news.voidvision.org/audio/history/global-financial-crisis-2008.mp3,https://news.voidvision.org/history/global-financial-crisis-2008/
The Algerian War of Independence,algerian-war,written,rendered,audio CONTRADICTS the current script: re-render or withdraw // gate: warn H-18,contemporary,,catastrophic,independence,bm_lewis,catastrophic independence: the gravest voice,bm_george,af_aoede,146.0,2029,1828,14.02,15.0,0.98,warn H-18,5,"Algerian National Liberation (FLN) | French State and the Pied-Noir Settlers | The Harkis, Caught Between | Anti-War Dissent and the Torture Debate | Memory Scholarship and France's Reckoning",6,7,3,M+N,"This is not the story of a colony winning its freedom. Algeria was not a colony. In French law it was three departments of France itself, governed from Paris since eighteen forty eight, with its own deputies in the National Assembly. So when the first attacks came in November nineteen fifty four, the French Interior Minister was not talking about a possession overseas. Algeria is France, he said, and the only negotiation is war. France did not call what followed a war for thirty seven years. It named it one in June nineteen ninety nine.","On July fifth, nineteen sixty two, Algeria became independent. French troops had first entered Algiers on July fifth, eighteen thirty. Independence landed on the same day, one hundred thirty two years later.",none (has every current rule),16,13.7,https://news.voidvision.org/audio/history/algerian-war.mp3,https://news.voidvision.org/history/algerian-war/
The American Civil Rights Movement,civil-rights-movement,written,rendered,"audio CONTRADICTS the current script: re-render or withdraw // gate: warn H-18 // predates H-11: check any read-aloud quote the record marks attributed, paraphrased, secondhand or written in someone else's voice // predates the unnamed-witness rule: check any quote from a speaker the record does not name says so aloud // predates the per-voice budget: its length was sized against one average rate, not its own anchor // predates the institutional-voice convention: a report or agency may be read in the F voice",contemporary,,critical,political,bm_george,critical political: mid weight,bm_lewis,af_aoede,145.0,2015,1711,12.59,12.62,0.03,warn H-18,5,The movement | Black Power | White southern resistance | The federal government | The global view,4,5,1,F+M+N,"The story everybody gets is a tired woman on a bus. Rosa Parks was forty two, she was not unusually tired that day, and she was not the first. Nine months earlier a fifteen year old in the same city had refused the same thing on the same bus line. What made the first of December nineteen fifty five different was not the refusal. It was that the refusal had been waited for. Parks was the secretary of the local branch of the NAACP, the plan was already drafted, and the machine went off within hours.","Three acts of Congress, in sixty four, sixty five and sixty eight, ended legal segregation in twenty one states. What they did not touch is still measurable, in who owns a house, who holds wealth, and who is in prison, and the movement said so at the time. And the fifteen year old. Nine months before Rosa Parks, Claudette Colvin refused to move on the same bus line in the same city, and was dragged off and arrested for it. The organisation looked at her case, and at her, and decided to wait for a better one.",per-voice length budget (H-07); H-11 paraphrase rule; H-11 secondhand + impersonated voice; unnamed-witness disclosure rule; institutional-voice convention,14,11.6,https://news.voidvision.org/audio/history/civil-rights-movement.mp3,https://news.voidvision.org/history/civil-rights-movement/
The Arab Spring,arab-spring,written,rendered,audio CONTRADICTS the current script: re-render or withdraw // predates the institutional-voice convention: a report or agency may be read in the F voice,contemporary,,catastrophic,revolution,am_michael,"catastrophic revolution: dark, but not funereal",bm_daniel,af_aoede,140.0,1946,1789,14.01,14.6,0.59,clean,5,The revolutionaries | The regime | The Muslim Brotherhood | The realists | Women's experience,5,6,4,F+M+N,"You think you know how this one starts. A vendor sets himself on fire to protest a dictatorship, and the dictatorship falls. That is not quite what happened. Mohamed Bouazizi did not stand outside a palace or a parliament. He stood outside the local governor's office, in a town of forty thousand people, after an inspector took his fruit cart and his scale, worth about two hundred dollars, and refused to let him inside to complain. Two more presidents fell within the year that followed, in three different ways, and of the six countries this shook, exactly one became a democracy.",The cart and the scale that Faida Hamdi confiscated were worth about two hundred dollars. That confiscation became the symbol of an uprising that reached seventeen countries.,institutional-voice convention,15,13.4,https://news.voidvision.org/audio/history/arab-spring.mp3,https://news.voidvision.org/history/arab-spring/
The Armenian Genocide,armenian-genocide,written,rendered,"OVER the 15 min format ceiling at 15.17 (audio gate allows 15.5): re-cut the script or accept // gate: warn H-10; warn H-10 // predates H-11: check any read-aloud quote the record marks attributed, paraphrased, secondhand or written in someone else's voice // predates the unnamed-witness rule: check any quote from a speaker the record does not name says so aloud // predates the per-voice budget: its length was sized against one average rate, not its own anchor // predates the institutional-voice convention: a report or agency may be read in the F voice",modern,,catastrophic,genocide,bm_lewis,catastrophic genocide: the gravest voice,bm_george,af_aoede,146.0,2029,1995,14.99,15.17,0.18,warn H-10; warn H-10,5,The Ottoman government and the Turkish state | The survivors and the Republic of Armenia | The witnesses | Genocide scholarship | The Convention and the parliaments,4,7,6,F+M+N,"Constantinople, the seventh of July, nineteen fifteen. The German ambassador writes to his chancellor that the government is pursuing its purpose of eradicating the Armenian race from the Turkish Empire. Three days later the American ambassador telegraphs Washington that the measures are directed from Constantinople, often in districts where no military operations are likely. One government was the Ottoman Empire's ally, the other neutral, and neither report cites the other. The ally wrote it down. The neutral wrote it down. Neither of them stopped it.","In nineteen fifteen the Ottoman government drove its Armenians, a Christian people of about two million, from their homes towards the Syrian desert. The counts of the dead run from six hundred thousand to one and a half million. The Turkish state rejects the charge of genocide as unfounded. Berlin, the fifteenth of March, nineteen twenty one. Soghomon Tehlirian, an Armenian, shoots Talat Pasha, the minister who ordered the deportations, and stands trial for murder. A jury acquits him after two days of testimony about the massacres. A prosecution document at Nuremberg, the trial of the Nazi leaders, headed as a talk Hitler gave his commanders in nineteen thirty nine, its attribution disputed, ends a passage on killing the Polish population with one question. Who still talks nowadays of the extermination of the Armenians. The ally wrote it down. The neutral wrote it down. Neither of them stopped it.",per-voice length budget (H-07); H-11 paraphrase rule; H-11 secondhand + impersonated voice; unnamed-witness disclosure rule; institutional-voice convention,14,13.9,https://news.voidvision.org/audio/history/armenian-genocide.mp3,https://news.voidvision.org/history/armenian-genocide/
The Assassination of Julius Caesar,assassination-of-caesar,written,rendered,audio CONTRADICTS the current script: re-render or withdraw // gate: warn H-11; warn H-18; warn H-18,classical,,critical,political,bm_george,critical political: mid weight,bm_lewis,af_aoede,145.0,2015,1869,14.3,14.84,0.54,warn H-11; warn H-18; warn H-18,5,Republican: The Last Defenders of Libertas | Caesarian: The Reformer and His Oligarchs | Roman Plebeian: The People's Grief | Provincial: The Conquered Peoples | Shakespeare vs. History: The Play That Shaped Political Imagination,5,7,3,F+M+N,"Say the assassination of Julius Caesar and one line comes to mind before any fact does. ""Et tu, Brute."" You too, Brutus. Caesar never said that. Suetonius, writing more than a century later, records that he made no reply at all, just a groan, and that only ""certain writers"" claim he spoke two Greek words to Brutus: ""You too, child."" Forty days before the killing, the Senate had voted Caesar dictator for life. Forty days later, twenty three senators voted with knives. The killing did not save the Republic they said they were saving. It ended it.","In November eighteen sixty four, the three Booth brothers performed Julius Caesar together on a New York stage. Five months later, one of them, John Wilkes Booth, assassinated Abraham Lincoln, shouting ""Sic semper tyrannis.""",none (has every current rule),15,13.6,https://news.voidvision.org/audio/history/assassination-of-caesar.mp3,https://news.voidvision.org/history/assassination-of-caesar/
The Atomic Bombings of Hiroshima and Nagasaki,hiroshima-nagasaki,written,rendered,"audio CONTRADICTS the current script: re-render or withdraw // gate: warn H-10; warn H-18; warn H-18 // predates H-11: check any read-aloud quote the record marks attributed, paraphrased, secondhand or written in someone else's voice // predates the unnamed-witness rule: check any quote from a speaker the record does not name says so aloud // predates the per-voice budget: its length was sized against one average rate, not its own anchor // predates the institutional-voice convention: a report or agency may be read in the F voice",contemporary,,catastrophic,war,bm_lewis,catastrophic war: the gravest voice,bm_george,af_aoede,146.0,2029,1949,14.32,14.17,-0.15,warn H-10; warn H-18; warn H-18,5,The American case | The hibakusha | The scientists | The revisionists | The Korean dead,4,6,2,M+N,"It is almost always posed as two options. Drop the bomb, or invade. A quarter of a million American dead, or a hundred and forty thousand Japanese ones. The documents from that summer have more than two things in them. There is an invasion plan. There are two bombs. There is a Soviet army about to enter the war, and there is one word about the emperor that nobody would say out loud until after it was over. The argument since has not been about what happened. It has been about which of those four was doing the work.","The survivors have been medically tracked for eighty years, first by an American commission and then by a joint foundation, and almost everything the world knows about long term radiation exposure in humans comes from their bodies. About a hundred and six thousand of them were still alive in twenty twenty four. Their average age is over eighty five. One building was left standing near the hypocenter with its dome frame intact, and Japan argued for decades about whether to pull it down. It is a World Heritage site now. And in a case in the museum there is a wristwatch that stopped at fifteen minutes past eight.",per-voice length budget (H-07); H-11 paraphrase rule; H-11 secondhand + impersonated voice; unnamed-witness disclosure rule; institutional-voice convention,14,13.0,https://news.voidvision.org/audio/history/hiroshima-nagasaki.mp3,https://news.voidvision.org/history/hiroshima-nagasaki/
The Bandung Conference,bandung-conference,written,rendered,audio CONTRADICTS the current script: re-render or withdraw,contemporary,,major,political,bm_george,major political: mid weight,bm_lewis,af_aoede,145.0,2015,1754,13.51,14.78,1.27,clean,5,Third Worldist / Anti-Colonial | Cold War / Western Realist | Chinese / Zhou Enlai | Pan-African / Nkrumah | Feminist / Women at the Margins,5,7,3,F+M+N,"Ask most people what happened at Bandung in nineteen fifty five, and they will tell you this is where the Non-Aligned Movement was founded. It was not. The Non-Aligned Movement did not exist yet. It would not be founded for another six years, at a different conference, in a different city, by a different roster of governments. What happened at Bandung was smaller and stranger. Twenty nine governments who agreed on almost nothing else, meeting in a room no Western power had organized and no Western power had been invited into.","The Ten Principles said nothing about who owned the copper mines, the oil fields, or the banks. In twenty twenty six, the CFA franc, controlled by the French Treasury, was still the currency of fourteen African nations.",none (has every current rule),15,13.5,https://news.voidvision.org/audio/history/bandung-conference.mp3,https://news.voidvision.org/history/bandung-conference/
The Black Death,black-death,written,rendered,"audio CONTRADICTS the current script: re-render or withdraw // predates H-11: check any read-aloud quote the record marks attributed, paraphrased, secondhand or written in someone else's voice // predates the unnamed-witness rule: check any quote from a speaker the record does not name says so aloud // predates the per-voice budget: its length was sized against one average rate, not its own anchor // predates the institutional-voice convention: a report or agency may be read in the F voice",medieval,,catastrophic,disaster,bm_lewis,catastrophic disaster: the gravest voice,bm_george,af_aoede,146.0,2029,1848,13.8,14.03,0.23,clean,5,The Christian west | Islamic medicine | The Jewish communities | The peasants and laborers | The Mongol road,5,7,2,M+N,"On the fourteenth of February, thirteen forty nine, Strasbourg took its Jewish community to the cemetery and burned two thousand people alive. The plague had not reached Strasbourg yet. It arrived months later. That same week the council divided the dead's property among the citizens and cancelled the debts the citizens owed them. The Black Death is remembered as the moment Europe lost its mind. A panic does not keep a ledger.","Venice set forty days of isolation and called it the quarantina. The practice is still named after the number. England did not have its people back until the sixteenth century. And in Nuremberg, the council cleared the ground where the Jewish quarter had been and built a marketplace on it. The market is still there. It is called the Hauptmarkt.",per-voice length budget (H-07); H-11 paraphrase rule; H-11 secondhand + impersonated voice; unnamed-witness disclosure rule; institutional-voice convention,15,12.9,https://news.voidvision.org/audio/history/black-death.mp3,https://news.voidvision.org/history/black-death/
The Bolivarian Revolutions,bolivarian-revolutions,written,rendered,audio CONTRADICTS the current script: re-render or withdraw // gate: warn H-10,modern,,major,revolution,bm_george,major revolution: mid weight,bm_lewis,af_aoede,145.0,2015,1753,13.32,14.82,1.5,warn H-10,5,Bolivarian / Creole Elite | Spanish Colonial / Royalist | Indigenous / Afro-Latin American | Monroe Doctrine / U.S. Perspective | Indigenous / Andean Peoples,6,7,2,F+M+N,"He is called The Liberator. Statues carry the name across six countries. In eighteen sixteen, a Black republic gave Bolivar the ships, the soldiers, and the guns that made his war possible. Haiti's president asked for one condition in return. Abolish slavery. Bolivar agreed, and freed the enslaved men who joined his own army. He did not abolish slavery itself. Full abolition in the countries he freed did not arrive until decades after he was dead. This is the story of a continent's liberation, and a promise the Liberator kept less than half of.","Bolivia is the country that carries his name. It did not have an Indigenous head of state until Evo Morales, in two thousand six. One hundred eighty one years after independence.",none (has every current rule),16,13.6,https://news.voidvision.org/audio/history/bolivarian-revolutions.mp3,https://news.voidvision.org/history/bolivarian-revolutions/
The Cambodian Genocide,cambodian-genocide,written,rendered,predates the institutional-voice convention: a report or agency may be read in the F voice,contemporary,,catastrophic,genocide,bm_lewis,catastrophic genocide: the gravest voice,bm_george,af_aoede,146.0,2029,1957,14.99,14.64,-0.35,clean,5,The Khmer Rouge Leadership | The Survivors | Viet Nam and the Vietnamese Liberation | The ECCC Tribunal and the Demographers | The Regional Intervention and the Cold War,6,6,8,M+N,"In nineteen seventy nine a tribunal in Phnom Penh, Cambodia, charged that about three million people had been killed, under a regime that lasted three years, eight months and twenty days. In two thousand fourteen a second court in the same city put every estimate between six hundred thousand and three million, and the accepted ones between one and a half and two million. Three million charged, two million at most accepted, and a list the prison kept itself.","The Khmer Rouge held Cambodia from the seventeenth of April, nineteen seventy five, until a Vietnamese army took Phnom Penh in January nineteen seventy nine. A court convicted three men. The law that made the court ends the period on the sixth of January, nineteen seventy nine. The last judgment, in two thousand twenty two, ends it on the seventh. Between those dates, that judgment says, over a million people died, and without the documentary evidence that remained there would be nothing but the testimony of elderly, traumatised survivors and the bones of the dead. Three million charged, two million at most accepted, and a list the prison kept itself.",institutional-voice convention,16,13.4,https://news.voidvision.org/audio/history/cambodian-genocide.mp3,https://news.voidvision.org/history/cambodian-genocide/
The Chernobyl Disaster,chernobyl-disaster,written,rendered,"audio not verified against the script (no hash on record): listen and confirm, or re-render // gate: warn H-11; warn H-11; warn H-11; warn H-11; warn H-11; warn H-18; warn H-18; warn H-18; warn H-18 // predates H-11: check any read-aloud quote the record marks attributed, paraphrased, secondhand or written in someone else's voice // predates the unnamed-witness rule: check any quote from a speaker the record does not name says so aloud // predates the per-voice budget: its length was sized against one average rate, not its own anchor // predates the institutional-voice convention: a report or agency may be read in the F voice",contemporary,,catastrophic,disaster,bm_lewis,catastrophic disaster: the gravest voice,bm_george,af_aoede,146.0,2029,1472,11.14,11.22,0.08,warn H-11; warn H-11; warn H-11; warn H-11; warn H-11; warn H-18; warn H-18; warn H-18; warn H-18,5,The Soviet state | The liquidators and the evacuated | The epidemiologists | The reactor engineers | Glasnost and the collapse,4,7,2,F+M+N,"On the morning of the twenty eighth of April, nineteen eighty six, a routine radiation monitor at a nuclear plant in Sweden went off as a worker walked in from outside. They checked their own reactor first, and found nothing wrong with it. Then they worked out that the contamination was on his shoes, that it had come in from the air, and that the wind that morning was coming from the southeast. That is how the world found out. Two days after the explosion, from a shoe, in a different country.","The reactor is now inside a steel arch, a hundred and eight metres high, moved into place in twenty sixteen. It is designed to last a hundred years, which is not the same as being finished. Pripyat is still standing. The school, the swimming pool, the fairground with a ferris wheel that was due to open five days after the explosion and never carried a passenger. The exclusion zone is now, by some measures, one of the more successful wildlife reserves in Europe, which tells you what the main threat to wildlife in Europe usually is. And the world still found out from a shoe.",per-voice length budget (H-07); H-11 paraphrase rule; H-11 secondhand + impersonated voice; unnamed-witness disclosure rule; institutional-voice convention,14,10.3,https://news.voidvision.org/audio/history/chernobyl-disaster.mp3,https://news.voidvision.org/history/chernobyl-disaster/
The Chinese Civil War and the Founding of the People's Republic,chinese-civil-war,written,rendered,audio CONTRADICTS the current script: re-render or withdraw // gate: warn H-18,contemporary,,catastrophic,revolution,am_michael,"catastrophic revolution: dark, but not funereal",bm_daniel,af_aoede,140.0,1946,1731,13.6,14.25,0.65,warn H-18,5,CCP / Maoist Liberation | Kuomintang / Republic of China | Peasant Experience of Land Reform | Western Cold War / Loss of China | Revisionist Scholarship,6,6,2,M+N,"You think of the Chinese Civil War as one war, fought without a break for twenty two years. It was two wars, with an eight year gap between them. From nineteen twenty seven to nineteen thirty seven, two Chinese armies tried to destroy each other. Then, for eight years, those same two armies fought as allies, against Japan. When the freeze broke in nineteen forty six, one side held the cities, the tanks, and backing from the United States. The other side held the villages. The side with the cities lost.","Two governments emerged in nineteen forty nine. Each still claims to be China. The party that won has governed without interruption ever since, longer now than the Soviet Communist Party ever lasted. One question left open that year is still open in twenty twenty six.",none (has every current rule),16,13.1,https://news.voidvision.org/audio/history/chinese-civil-war.mp3,https://news.voidvision.org/history/chinese-civil-war/
The Chinese Cultural Revolution,chinese-cultural-revolution,written,rendered,audio CONTRADICTS the current script: re-render or withdraw // gate: warn H-18,contemporary,,catastrophic,political,am_michael,"catastrophic political: dark, but not funereal",bm_daniel,af_aoede,140.0,1946,1786,13.99,14.36,0.37,warn H-18,5,The Maoist Case | The Persecuted Cadres and Intellectuals | The Red Guard Generation | The Party's Historical Verdict | Tibet and the Ethnic Minorities,5,6,3,F+M+N,"You think this was children rising up against their elders. On August the fifth, nineteen sixty six, the Chairman of the Chinese Communist Party wrote four words in a big character poster: bombard the headquarters. The headquarters he meant was his own party, the one he had led for seventeen years. Two and a half months earlier, on May the sixteenth, that party's own Central Committee had circulated a document, drafted under his direction, accusing its own leadership of secretly restoring capitalism. The attack on the schools came after the attack on the government.","The generation sent down to the countryside includes Xi Jinping, who spent seven years in a cave dwelling in Shaanxi province. In two thousand twenty one, the party's new historical resolution folded the entire ten years into a single paragraph.",none (has every current rule),15,13.2,https://news.voidvision.org/audio/history/chinese-cultural-revolution.mp3,https://news.voidvision.org/history/chinese-cultural-revolution/
The Collapse of the Soviet Union,soviet-union-collapse,written,rendered,audio CONTRADICTS the current script: re-render or withdraw // gate: warn H-18 // predates the institutional-voice convention: a report or agency may be read in the F voice,contemporary,,critical,revolution,bm_george,critical revolution: mid weight,bm_lewis,af_aoede,145.0,2015,1758,13.27,14.12,0.85,warn H-18,5,Western Triumph | Russian Statist | The Newly Independent Republics | The Ordinary Citizen | Scholarship on Causes,4,6,3,F+M+N,"A country of two hundred and ninety million people, spanning eleven time zones and one sixth of the planet's land surface, from Brest to the Bering Strait, did not end in a war. It did not end in a revolution. Three men signed three pages at a hunting lodge in a forest, and by the time anyone else found out, it was already over. The president of the country still nominally in charge found out by telephone. The whole thing took seventeen days, in paperwork.","The Soviet arsenal, roughly twenty seven thousand warheads, split across Russia, Ukraine, Kazakhstan, and Belarus. Ukraine surrendered about nineteen hundred of them to Russia in nineteen ninety four, in exchange for a guarantee of its own borders. Russia broke that guarantee itself: first annexing Crimea in twenty fourteen, then invading in twenty twenty two. The borders drawn casually inside one country in the nineteen twenties became the front lines of Europe's largest war since nineteen forty five.",institutional-voice convention,14,12.9,https://news.voidvision.org/audio/history/soviet-union-collapse.mp3,https://news.voidvision.org/history/soviet-union-collapse/
The Congo Free State,congo-free-state,written,rendered,"audio CONTRADICTS the current script: re-render or withdraw // predates H-11: check any read-aloud quote the record marks attributed, paraphrased, secondhand or written in someone else's voice // predates the institutional-voice convention: a report or agency may be read in the F voice",modern,,catastrophic,genocide,bm_lewis,catastrophic genocide: the gravest voice,bm_george,af_aoede,146.0,2029,1807,13.61,14.34,0.73,clean,5,Leopold's private empire | The Congolese village | The reformers' ledger | The postcolonial reckoning | The resistance the record kept,4,7,5,F+M+N,"You think of a colony as a country's project: a budget line, a cabinet answering to a parliament back home. The Congo Free State was none of that. It answered to no parliament, sat on no Belgian budget. It was owned, personally, by one man. Leopold the Second of Belgium never set foot in the land he owned for twenty three years. He ran an area seventy six times the size of his own small country from an office in Brussels, and called it free.","Leopold received fifty million francs for a colony he had personally owned for twenty three years and never once visited. The Royal Palace at Laeken and the Cinquantenaire Park still stand in Brussels, built on the two hundred twenty million francs his rubber years produced. The archives that could have told the rest of it burned for eight days before anyone else could read them.",H-11 secondhand + impersonated voice; institutional-voice convention,14,13.1,https://news.voidvision.org/audio/history/congo-free-state.mp3,https://news.voidvision.org/history/congo-free-state/
The Congo Wars,congo-wars,written,rendered,audio CONTRADICTS the current script: re-render or withdraw,contemporary,,catastrophic,war,bm_lewis,catastrophic war: the gravest voice,bm_george,af_aoede,146.0,2029,1836,13.9,14.88,0.98,clean,5,The Rwandan Security Case | The Congolese Account | Resource and Supply Chain | The Peacekeepers' Failure | The Women of Panzi Hospital,5,7,2,F+M+N,"Ask what killed five million four hundred thousand people in Congo between nineteen ninety eight and two thousand seven, and the answer people reach for is a battlefield. The International Rescue Committee's own mortality surveys found fewer than one in ten of those deaths came from violence at all. The rest came from malaria, diarrhea, and hunger, in a country whose clinics and roads had stopped functioning. The deadliest conflict since the Second World War did not start with an army crossing a border to conquer territory. It started with an army crossing a border to chase its own refugees.","M23, backed by Rwanda according to the United Nations Group of Experts, seized Goma, a city of two million people, in November two thousand twelve. It returned in two thousand twenty two. As of two thousand twenty six, eastern Congo has over one hundred twenty active armed groups. The ground underneath them holds an estimated twenty four trillion dollars in minerals. In two thousand twenty three, the average Congolese person's income for the year was six hundred fifty four dollars.",none (has every current rule),15,13.6,https://news.voidvision.org/audio/history/congo-wars.mp3,https://news.voidvision.org/history/congo-wars/
The Conquests of Alexander,alexanders-conquests,written,rendered,audio CONTRADICTS the current script: re-render or withdraw // gate: warn H-11; warn H-11; warn H-18,classical,,catastrophic,empire,am_michael,"catastrophic empire: dark, but not funereal",bm_daniel,af_aoede,140.0,1946,1794,14.05,14.46,0.41,warn H-11; warn H-11; warn H-18,5,Greco-Macedonian | Persian / Achaemenid | Indian / Paurava | Modern Central Asian | Revisionist / Anti-Heroic,6,7,2,M+N,"Alexander the Great is supposed to have wept when he saw the size of what he had won, because there were no more worlds left to conquer. His own record calls that line paraphrased, and probably not his at all. Nobody who wrote a full account of Alexander's life ever met him. Arrian, Plutarch, and Curtius Rufus, the three fullest histories that survive, were all writing centuries after he died. Everything spoken in his own words in what follows carries that warning, every time.","He founded more than twenty cities across three continents, and named nearly all of them Alexandria, after himself. On the bank of the Hydaspes he named one more. Bucephala, after the horse that had carried him into battle and died there, from wounds or from exhaustion. The ancient sources cannot agree on which.",none (has every current rule),16,13.3,https://news.voidvision.org/audio/history/alexanders-conquests.mp3,https://news.voidvision.org/history/alexanders-conquests/
The Creation of Israel and the Nakba,creation-of-israel-nakba,written,rendered,"audio CONTRADICTS the current script: re-render or withdraw // gate: warn H-10; warn H-10; warn H-10; warn H-10; warn H-10; warn H-18; warn H-18; warn H-18 // predates H-11: check any read-aloud quote the record marks attributed, paraphrased, secondhand or written in someone else's voice // predates the unnamed-witness rule: check any quote from a speaker the record does not name says so aloud // predates the per-voice budget: its length was sized against one average rate, not its own anchor // predates the institutional-voice convention: a report or agency may be read in the F voice",contemporary,,catastrophic,independence,bm_lewis,catastrophic independence: the gravest voice,bm_george,af_aoede,146.0,2029,1984,14.47,14.57,0.1,warn H-10; warn H-10; warn H-10; warn H-10; warn H-10; warn H-18; warn H-18; warn H-18,5,The Israeli account | The Palestinians | The British mandate | The new historians | The Arab states,4,5,2,M+N,"At four in the afternoon on the fourteenth of May, nineteen forty eight, a man read a declaration aloud in a museum in Tel Aviv. Eleven minutes later the United States recognised the state it created. It is usually told from there. Two peoples, one piece of ground, an ancient claim on each side. The papers from that year are full of a third thing. An empire that had promised the same territory to two peoples in one sentence and was leaving on a deadline. And a king whose army invaded the next morning, who had already agreed in private, twelve days before the United Nations voted, to divide the country with the people he was about to fight.","There have been five major wars since, and the thing the nineteen forty nine armistice lines were supposed to be temporary about is now older than almost everyone living inside them. Between seven hundred thousand and seven hundred and fifty thousand Palestinians were displaced and not allowed back. Over the following quarter century, around eight hundred and fifty thousand Jews left or were driven out of Arab countries, most of them to Israel. Both of those numbers belong to this history, and neither one cancels the other. The mediator who wrote that the refugees were victims of a conflict not of their making had that report on the record for one day.",per-voice length budget (H-07); H-11 paraphrase rule; H-11 secondhand + impersonated voice; unnamed-witness disclosure rule; institutional-voice convention,14,13.4,https://news.voidvision.org/audio/history/creation-of-israel-nakba.mp3,https://news.voidvision.org/history/creation-of-israel-nakba/
The Crusades,the-crusades,written,rendered,"audio WITHDRAWN (contradicts the corrected script): re-render // gate: warn H-10; warn H-10; warn H-10; warn H-18; warn H-18; warn H-18 // predates H-11: check any read-aloud quote the record marks attributed, paraphrased, secondhand or written in someone else's voice // predates the unnamed-witness rule: check any quote from a speaker the record does not name says so aloud // predates the per-voice budget: its length was sized against one average rate, not its own anchor // predates the institutional-voice convention: a report or agency may be read in the F voice",medieval,,critical,war,am_michael,critical war,bm_daniel,af_aoede,140.0,1946,1845,14.23,14.02,-0.21,warn H-10; warn H-10; warn H-10; warn H-18; warn H-18; warn H-18,5,The Latin crusaders | The Muslim world | Byzantium | The modern historians | The Rhineland,5,6,3,M+N,"The Fourth Crusade never reached Jerusalem. It never even turned south. In twelve hundred and four it sacked Constantinople, the largest Christian city in the world, and looted it for three days. And the First Crusade started killing eight hundred miles from Jerusalem, in the Rhine valley, in the spring before it crossed into Asia. The people it killed there were not Muslims. Two centuries of war are filed under a single word, and a great deal of what the word covers was aimed at other Christians, and at Jews, and at nobody in the Holy Land at all.","Acre, the last crusader city, fell in twelve ninety one. In fourteen fifty three Constantinople was Ottoman, and the Latin states were a memory that had lasted less time than the argument about them has. The word is still live ammunition. An American president used it about a war in September two thousand and one and had to stop using it within days. The relics taken out of Constantinople in twelve hundred and four are still in churches in Venice and France. And in Mainz, in the memorial book, the names of the people killed in May ten ninety six are still read aloud in synagogue, nine hundred and thirty years later.",per-voice length budget (H-07); H-11 paraphrase rule; H-11 secondhand + impersonated voice; unnamed-witness disclosure rule; institutional-voice convention,15,12.9,https://news.voidvision.org/audio/history/the-crusades.mp3,https://news.voidvision.org/history/the-crusades/
The Cuban Missile Crisis,cuban-missile-crisis,written,rendered,"audio CONTRADICTS the current script: re-render or withdraw // gate: warn H-10; warn H-10; warn H-10; warn H-10; warn H-18; warn H-18 // predates H-11: check any read-aloud quote the record marks attributed, paraphrased, secondhand or written in someone else's voice // predates the unnamed-witness rule: check any quote from a speaker the record does not name says so aloud // predates the per-voice budget: its length was sized against one average rate, not its own anchor // predates the institutional-voice convention: a report or agency may be read in the F voice",contemporary,,critical,political,bm_george,critical political: mid weight,bm_lewis,af_aoede,145.0,2015,1741,12.8,13.09,0.29,warn H-10; warn H-10; warn H-10; warn H-10; warn H-18; warn H-18,5,The American room | The Soviet calculation | The Cubans | The deterrence theorists | The declassified record,4,5,1,M+N,"The story as it is usually told happens in two rooms. A cabinet room in Washington and an office in Moscow, thirteen days, two men, and a blink. The moment that came closest to ending it was neither of those rooms. It was two hundred feet under the Sargasso Sea, in a submarine that had been out of contact with Moscow for days, and it turned on one officer refusing. And the thing that makes the whole crisis look different is a number that Washington did not learn for forty years. There were already a hundred and sixty two nuclear warheads on the island.","The direct line between Washington and Moscow was installed the following summer, because the crisis had been conducted partly through public broadcasts and partly through a journalist. A test ban treaty followed in nineteen sixty three, and a non proliferation treaty five years later. Vasili Arkhipov went back to the Soviet navy, was promoted, retired as a vice admiral, and died in nineteen ninety eight, before almost anybody outside his own service knew what he had done. He was not being brave. By his own account he was following the rules, which happened to require three signatures, and he did not give his.",per-voice length budget (H-07); H-11 paraphrase rule; H-11 secondhand + impersonated voice; unnamed-witness disclosure rule; institutional-voice convention,14,12.0,https://news.voidvision.org/audio/history/cuban-missile-crisis.mp3,https://news.voidvision.org/history/cuban-missile-crisis/
The Cuban Revolution,cuban-revolution,written,rendered,audio WITHDRAWN (contradicts the corrected script): re-render // gate: warn H-18; warn H-18 // predates the institutional-voice convention: a report or agency may be read in the F voice,contemporary,,major,revolution,bm_george,major revolution: mid weight,bm_lewis,af_aoede,145.0,2015,1762,13.3,14.33,1.03,warn H-18; warn H-18,5,Revolutionary Vanguard / Anti-Imperial Liberation | Cuban Exile / Miami | Campesino / Social Gains | United States / Cold War Washington | Revisionist Scholarship / Gains Weighed Against Authoritarianism,5,7,2,F+M+N,"The ending, first: guerrillas marching into Havana, the dictator's palace empty, a revolution won by force of arms. The record says the capital fell without a single shot. Fulgencio Batista had already boarded a plane before dawn. And the army that is supposed to have won that war had, three years earlier, been reduced from eighty one men to about a dozen inside three days. A failed barracks raid became the government that outlasted ten American presidents. Between those two facts is where this story actually happened.","Camilo Cienfuegos, who led one of the two columns into Havana, disappeared over the sea in a small plane that October. The wreck was never found. Fidel Castro's brother Raul, a guerrilla commander in this same war, governed Cuba himself from two thousand eight to two thousand eighteen. On October nineteenth, nineteen sixty, the United States imposed a trade embargo on Cuba. It has never been lifted. In twenty twenty six, sixty six years later, it is still the law.",institutional-voice convention,15,13.1,https://news.voidvision.org/audio/history/cuban-revolution.mp3,https://news.voidvision.org/history/cuban-revolution/
The Cyrus Cylinder,cyrus-cylinder,written,rendered,audio CONTRADICTS the current script: re-render or withdraw // gate: warn H-18; warn H-18; warn H-18,ancient,,major,political,bm_george,major political: mid weight,bm_lewis,af_aoede,145.0,2015,1791,13.76,14.42,0.66,warn H-18; warn H-18; warn H-18,5,Persian Imperial Achaemenid case | The Assyriological revision | The Iranian nationalist case | The Babylonian population | The Museum repatriation case,4,6,4,F+M+N,"A clay cylinder sits in a case in the British Museum with a label calling it the first charter of human rights. It is forty five lines of cuneiform, in a dead Mesopotamian language, and it does not contain the word right, or freedom, or law. What it actually says, in the plainest reading, is that a god got angry at one king and chose another. It is a conquest text. The charter claim was made two thousand five hundred years after the clay was fired, and it has outlasted three governments that needed it to be true.","The cylinder sits today in room fifty two of the British Museum, catalogued as BM ninety thousand nine hundred and twenty. It toured five American museums in two thousand thirteen and drew two million visitors, most of whom could not read a single line of it. Cyrus died nine years after taking Babylon, in five hundred and thirty before the common era, fighting the Massagetae, a people on his eastern frontier who refused to be governed. The clay is still in one piece. You can stand in front of the case and read all forty five lines yourself, in whichever translation the museum has printed that year, and decide.",none (has every current rule),14,13.2,https://news.voidvision.org/audio/history/cyrus-cylinder.mp3,https://news.voidvision.org/history/cyrus-cylinder/
The Fall of Constantinople,fall-of-constantinople,written,rendered,"audio CONTRADICTS the current script: re-render or withdraw // gate: warn H-18 // predates H-11: check any read-aloud quote the record marks attributed, paraphrased, secondhand or written in someone else's voice // predates the unnamed-witness rule: check any quote from a speaker the record does not name says so aloud // predates the per-voice budget: its length was sized against one average rate, not its own anchor // predates the institutional-voice convention: a report or agency may be read in the F voice",medieval,,catastrophic,political,am_michael,"catastrophic political: dark, but not funereal",bm_daniel,af_aoede,140.0,1946,1890,14.64,14.88,0.24,warn H-18,5,The Ottoman and Turkish account | The Byzantine and Greek Orthodox account | The Western European and Latin Christian account | The Balkan Christian account | The Venetian and Genoese merchants,5,6,3,M+N,"Ottoman cannon fired at the Theodosian Walls of Constantinople for fifty three days straight, walls that had turned back every siege for a thousand years, and the walls held. What let the army in was not the guns. It was a wounded commander carried off to the ships, and a small gate on the city's north side that somebody left open, or stopped defending, nobody agrees which. An empire that had called itself Rome for eleven hundred and twenty three years ended through that gate, in the last hour of a siege the biggest cannon ever built had not quite won.","The Hagia Sophia outlasted every argument made in its name. A cathedral for nine hundred and sixteen years. A mosque for four hundred and eighty one years, starting the year the city fell. A museum from nineteen thirty four. A mosque again from two thousand and twenty.",per-voice length budget (H-07); H-11 paraphrase rule; H-11 secondhand + impersonated voice; unnamed-witness disclosure rule; institutional-voice convention,15,13.6,https://news.voidvision.org/audio/history/fall-of-constantinople.mp3,https://news.voidvision.org/history/fall-of-constantinople/
The Fall of Tenochtitlan,fall-of-tenochtitlan,written,rendered,"audio CONTRADICTS the current script: re-render or withdraw // predates H-11: check any read-aloud quote the record marks attributed, paraphrased, secondhand or written in someone else's voice // predates the unnamed-witness rule: check any quote from a speaker the record does not name says so aloud // predates the per-voice budget: its length was sized against one average rate, not its own anchor // predates the institutional-voice convention: a report or agency may be read in the F voice",early-modern,,catastrophic,empire,am_michael,"catastrophic empire: dark, but not funereal",bm_daniel,af_aoede,140.0,1946,1862,14.27,13.79,-0.48,clean,5,The conquistadors | The Mexica | Tlaxcala | The Catholic mission | Modern Mexico,5,5,3,M+N,"Five hundred Spaniards took an empire of millions. That is the sentence, and it has never added up. At the siege that ended it, the Spanish force was maybe nine hundred men. Standing with them were somewhere between seventy five thousand and two hundred thousand indigenous soldiers, who had their own reasons, their own commanders, and their own terms. And the other half of the story, the one about a king who mistook a Spanish captain for a returning god and handed over his empire, does not appear in a single Nahuatl source written before the conquest. It was assembled afterwards, to explain something that otherwise needed explaining.","The city fell on the thirteenth of August, fifteen twenty one. Within a century, the population of central Mexico had gone from about twenty five million people to about one million. Most of that was disease, and disease is not a policy, and the conquest is what put it into a population with no immunity to any of it. Mexico City was built directly on top of the wreckage, using its stone. And in nineteen seventy eight, electrical workers digging behind that cathedral hit another carved stone. It was the great temple. It had been eight feet under the traffic the entire time.",per-voice length budget (H-07); H-11 paraphrase rule; H-11 secondhand + impersonated voice; unnamed-witness disclosure rule; institutional-voice convention,15,12.6,https://news.voidvision.org/audio/history/fall-of-tenochtitlan.mp3,https://news.voidvision.org/history/fall-of-tenochtitlan/
The Fall of the Berlin Wall,fall-of-berlin-wall,written,rendered,"audio CONTRADICTS the current script: re-render or withdraw // gate: warn H-10; warn H-18 // predates H-11: check any read-aloud quote the record marks attributed, paraphrased, secondhand or written in someone else's voice // predates the unnamed-witness rule: check any quote from a speaker the record does not name says so aloud // predates the per-voice budget: its length was sized against one average rate, not its own anchor // predates the institutional-voice convention: a report or agency may be read in the F voice",contemporary,,critical,revolution,bm_george,critical revolution: mid weight,bm_lewis,af_aoede,145.0,2015,1557,11.71,11.71,-0.0,warn H-10; warn H-18,5,The West German account | The East German dissidents | The Soviet view | The reunification critics | The global south,4,6,3,M+N,"Nobody decided to open it. There was no vote, no order, and no moment where a government concluded that the time had come. What there was, on the evening of the ninth of November nineteen eighty nine, was a spokesman reading from a note card about a policy he had not been briefed on, and then a middle ranking officer at a gate deciding not to start shooting. The Cold War's most photographed night was an administrative accident and one man's refusal.","The Wall stood for twenty eight years and eighty eight days. Germany was one country again eleven months later. The Soviet Union was gone twenty five months after that. Harald Jager was a career officer in the service that ran the border. He had been on that gate for decades, and the most beautiful day of his life was the day he stopped doing his job. And the last man shot trying to get over it died in February. Nine months before anyone could walk through.",per-voice length budget (H-07); H-11 paraphrase rule; H-11 secondhand + impersonated voice; unnamed-witness disclosure rule; institutional-voice convention,14,10.7,https://news.voidvision.org/audio/history/fall-of-berlin-wall.mp3,https://news.voidvision.org/history/fall-of-berlin-wall/
The French Revolution,french-revolution,written,rendered,"audio CONTRADICTS the current script: re-render or withdraw // gate: warn H-10; warn H-10; warn H-18; warn H-18 // predates H-11: check any read-aloud quote the record marks attributed, paraphrased, secondhand or written in someone else's voice // predates the unnamed-witness rule: check any quote from a speaker the record does not name says so aloud // predates the per-voice budget: its length was sized against one average rate, not its own anchor // predates the institutional-voice convention: a report or agency may be read in the F voice",modern,,catastrophic,revolution,am_michael,"catastrophic revolution: dark, but not funereal",bm_daniel,af_aoede,140.0,1946,1601,12.4,12.24,-0.16,warn H-10; warn H-10; warn H-18; warn H-18,5,The republicans | The royalists | The enslaved | The colonies | Modern scholarship,4,5,4,F+M+N,"The founding act of the French revolution was the storming of a fortress that held seven prisoners. Four forgers, two men who were insane, and one young aristocrat whose family had put him there for bad behaviour. What the crowd took that day was not a population of captives. It was a building, and everybody involved understood that was the point. Four years later they executed the king. Eighteen months after that they were executing the men who had voted to execute the king.","The Declaration of the Rights of Man is the direct ancestor of every modern human rights instrument, and it was written by an assembly that within four years was executing its own members in batches. Both of those are the same document and the same decade. The revolution ended in November seventeen ninety nine, when an artillery officer from Corsica took power in a coup, exactly as Burke had said it would. And the fortress that started it was taken apart for building material. Its stones were carved into souvenirs and sold.",per-voice length budget (H-07); H-11 paraphrase rule; H-11 secondhand + impersonated voice; unnamed-witness disclosure rule; institutional-voice convention,14,11.2,https://news.voidvision.org/audio/history/french-revolution.mp3,https://news.voidvision.org/history/french-revolution/
The Global Struggle for Women's Suffrage,womens-suffrage,written,rendered,"audio CONTRADICTS the current script: re-render or withdraw // gate: warn H-18 // predates H-11: check any read-aloud quote the record marks attributed, paraphrased, secondhand or written in someone else's voice // predates the unnamed-witness rule: check any quote from a speaker the record does not name says so aloud // predates the per-voice budget: its length was sized against one average rate, not its own anchor // predates the institutional-voice convention: a report or agency may be read in the F voice",modern,,critical,cultural,bm_daniel,cultural: warm and unhurried,am_michael,af_aoede,168.0,2335,1925,12.69,12.96,0.27,warn H-18,5,The suffrage movement | Socialist feminism | The non-Western movements | Anti-suffrage conservatism | Black women's suffrage,5,7,3,F+N,"Picture the order these countries came in. You will probably get it backwards. The most powerful woman on earth, Queen Victoria, spent her whole reign fighting the idea that women should vote at all. The first country where they actually could was not Britain or the United States. It was New Zealand, a farming colony, in eighteen ninety three. The last place in Europe did not choose to include women. In nineteen ninety, a court had to make it.","Appenzell Innerrhoden is the smallest canton in Switzerland, the last place in Europe where women could not vote. Its citizens decide things the old way, gathered outdoors, voting by raising their hands. On April twenty ninth, nineteen ninety, about three thousand men raised their hands against admitting women, the same gesture their fathers and grandfathers had made. Seven months later, on November twenty seventh, the Federal Supreme Court overruled them. Nobody in Appenzell Innerrhoden ever voted women's suffrage in. A court ordered it, and the hands went down.",per-voice length budget (H-07); H-11 paraphrase rule; H-11 secondhand + impersonated voice; unnamed-witness disclosure rule; institutional-voice convention,15,11.9,https://news.voidvision.org/audio/history/womens-suffrage.mp3,https://news.voidvision.org/history/womens-suffrage/
The Great Depression,great-depression,written,rendered,"audio CONTRADICTS the current script: re-render or withdraw // predates H-11: check any read-aloud quote the record marks attributed, paraphrased, secondhand or written in someone else's voice // predates the unnamed-witness rule: check any quote from a speaker the record does not name says so aloud // predates the institutional-voice convention: a report or agency may be read in the F voice",contemporary,,catastrophic,economic,am_michael,"catastrophic economic: dark, but not funereal",bm_daniel,af_aoede,140.0,1946,1675,12.93,13.3,0.37,clean,5,The Keynesian Account | The Monetarist and Austrian Account | The Unemployed | The Global Periphery | The Political Crisis,5,4,2,F+M+N,"You think you know this one. The market crashed in October nineteen twenty nine, and that crash was the Great Depression. The record says otherwise. The crash was a symptom, not the disease. The disease spread slowly, then everywhere. American unemployment did not peak the week of the crash, or even the year after it. It peaked in nineteen thirty three, four years later, at twenty four point nine percent, about fifteen million people out of work. Four years is a strange length for one bad afternoon on a trading floor.","US industrial output did not return to its nineteen twenty nine level until nineteen thirty nine. Ten years to get back to where it started, and even then, it took the wartime mobilization of a second global war to finish the job.",H-11 secondhand + impersonated voice; unnamed-witness disclosure rule; institutional-voice convention,15,12.2,https://news.voidvision.org/audio/history/great-depression.mp3,https://news.voidvision.org/history/great-depression/
The Great Leap Forward and the Great Chinese Famine,great-leap-forward,written,rendered,audio CONTRADICTS the current script: re-render or withdraw // predates the institutional-voice convention: a report or agency may be read in the F voice,contemporary,,catastrophic,disaster,bm_lewis,catastrophic disaster: the gravest voice,bm_george,af_aoede,146.0,2029,1763,13.31,13.34,0.03,clean,5,The Party's Own Account | The Historians' Verdict | The Peasants Who Starved | The Contested Toll | The Purged Reformers,5,5,3,F+M+N,"You think this began with a bad harvest. It began with a steel target. In May of nineteen fifty eight, Mao Zedong told the party that China would overtake Britain in steel output within fifteen years. Then he cut the timeline to three. The nineteen fifty seven target of five point three five million tonnes became ten point seven million tonnes. About one million backyard furnaces went up across the countryside. Peasants melted their woks, their hoes, their door hinges into iron. A tonne from one of those furnaces cost roughly twice a tonne from a modern mill, and most of what came out of them was brittle and unusable. The villagers who fed those fires were pulled off the harvest to do it.","Tombstone was published in Hong Kong in two thousand eight. It has never been printed on the mainland. When Yang Jisheng was invited abroad to accept a journalism prize for writing it, the government would not let him travel.",institutional-voice convention,15,12.2,https://news.voidvision.org/audio/history/great-leap-forward.mp3,https://news.voidvision.org/history/great-leap-forward/
The Gutenberg Revolution,gutenberg-printing-press,written,rendered,"audio CONTRADICTS the current script: re-render or withdraw // gate: warn H-10; warn H-18; warn H-18 // predates H-11: check any read-aloud quote the record marks attributed, paraphrased, secondhand or written in someone else's voice // predates the unnamed-witness rule: check any quote from a speaker the record does not name says so aloud // predates the per-voice budget: its length was sized against one average rate, not its own anchor // predates the institutional-voice convention: a report or agency may be read in the F voice",medieval,,critical,cultural,bm_daniel,cultural: warm and unhurried,am_michael,af_aoede,168.0,2335,1833,11.79,11.7,-0.09,warn H-10; warn H-18; warn H-18,5,The printers | The Catholic Church | The Chinese and Korean precedent | The pamphlet war | The information theorists,4,5,2,M+N,"Two things about the man whose name is on this. He did not invent printing. Chinese printers had been working from carved blocks since the ninth century. A man called Bi Sheng was setting movable ceramic characters around ten forty. Korean foundries were casting movable type in bronze by the twelve thirties, and the oldest surviving book printed that way came off a press at a Buddhist temple in thirteen seventy seven, seventy eight years before anything was printed in Mainz. And he did not keep it. Within months of finishing the Bible that carries his name, Johannes Gutenberg lost the press, the type and the unsold stock in a lawsuit, to the man who had lent him the money.","Fust and Schoffer's books are the first with a printer's name, a date and a place on the last page. Gutenberg's Bible has none of that on it. It is anonymous. The Index of Forbidden Books was maintained for four hundred and seven years, and abolished in nineteen sixty six. The pension that kept Gutenberg was paid in grain, wine and cloth. And the oldest surviving book printed with metal type sits in a library in Paris, four and a half thousand miles from the temple that made it.",per-voice length budget (H-07); H-11 paraphrase rule; H-11 secondhand + impersonated voice; unnamed-witness disclosure rule; institutional-voice convention,14,10.7,https://news.voidvision.org/audio/history/gutenberg-printing-press.mp3,https://news.voidvision.org/history/gutenberg-printing-press/
The Haitian Revolution,haitian-revolution,written,rendered,"predates H-11: check any read-aloud quote the record marks attributed, paraphrased, secondhand or written in someone else's voice // predates the unnamed-witness rule: check any quote from a speaker the record does not name says so aloud // predates the per-voice budget: its length was sized against one average rate, not its own anchor // predates the institutional-voice convention: a report or agency may be read in the F voice",early-modern,,critical,revolution,bm_george,critical revolution: mid weight,bm_lewis,af_aoede,145.0,2015,1917,14.98,14.66,-0.32,clean,5,The enslaved revolutionaries | The French colonial account | The Haitian nationalist account | The Atlantic academic account | The indemnity,5,8,8,M+N,"On the eighth of November, eighteen oh one, the First Consul of France told the people of Saint-Domingue, his colony in the Caribbean, that they were all French, all free and all equal. In the same fortnight he wrote to his foreign minister about annihilating the government of the blacks. Five acts said free. One law said nothing. One ordinance set the price.","The enslaved of Saint-Domingue rose in August seventeen ninety one. On the first of January, eighteen oh four, the generals of the native army declared the colony independent and named it Haiti. France recognised it in eighteen twenty five, for a hundred and fifty million francs. Saint-Remy wrote in eighteen fifty three that Toussaint Louverture was buried as an obscure prisoner in the village cemetery below the fort, and no trace of the grave remained. Five acts said free. One law said nothing. One ordinance set the price.",per-voice length budget (H-07); H-11 paraphrase rule; H-11 secondhand + impersonated voice; unnamed-witness disclosure rule; institutional-voice convention,15,13.4,https://news.voidvision.org/audio/history/haitian-revolution.mp3,https://news.voidvision.org/history/haitian-revolution/
The Holocaust,the-holocaust,written,rendered,"audio WITHDRAWN (contradicts the corrected script): re-render // gate: warn H-11; warn H-10; warn H-10; warn H-10 // predates H-11: check any read-aloud quote the record marks attributed, paraphrased, secondhand or written in someone else's voice // predates the unnamed-witness rule: check any quote from a speaker the record does not name says so aloud // predates the per-voice budget: its length was sized against one average rate, not its own anchor // predates the institutional-voice convention: a report or agency may be read in the F voice",contemporary,,catastrophic,genocide,bm_lewis,catastrophic genocide: the gravest voice,bm_george,af_aoede,146.0,2029,1998,14.56,14.52,-0.04,warn H-11; warn H-10; warn H-10; warn H-10,5,The survivors | The bureaucracy | The bystander nations | The Zionist answer | The Roma,4,6,1,M+N,"The thing most people get wrong about this is not whether it happened. It is how. The picture in most heads is a secret, improvised in the dark by a small number of monsters, hidden from everyone not in the room. The record says otherwise. The record is a meeting that lasted ninety minutes, a railway that billed by the kilometre, and a fare schedule with a children's discount.","The word genocide did not exist until nineteen forty four, when a Polish Jewish lawyer named Raphael Lemkin built it out of Greek and Latin, because there was no word for what was being reported. Fifty two thousand survivors have since recorded their testimony. Anne Frank died at Bergen-Belsen, of typhus, a few weeks before the camp was liberated. She was fifteen. And the railway, when it invoiced the SS for the transports, charged the full adult rate above ten, half for children under ten, and nothing at all for children under four.",per-voice length budget (H-07); H-11 paraphrase rule; H-11 secondhand + impersonated voice; unnamed-witness disclosure rule; institutional-voice convention,14,13.3,https://news.voidvision.org/audio/history/the-holocaust.mp3,https://news.voidvision.org/history/the-holocaust/
The Holodomor,holodomor,written,rendered,audio CONTRADICTS the current script: re-render or withdraw // predates the institutional-voice convention: a report or agency may be read in the F voice,modern,,catastrophic,genocide,bm_lewis,catastrophic genocide: the gravest voice,bm_george,af_aoede,146.0,2029,1921,14.21,14.54,0.33,clean,5,The Soviet state | The Ukrainian survivor | The Western press corps | The Ukrainian national account | The archival record,4,6,2,F+M+N,"You think of this as a famine, meaning there was not enough food. There was food. The nineteen thirty two Ukrainian harvest came in at fourteen point six million tons, against a normal year of twenty three million, and Moscow's quota for that harvest was seven point seven million tons anyway. Between nineteen thirty and nineteen thirty three the Soviet Union exported roughly five point eight million tons of grain, and at the exact peak of the famine, the winter of nineteen thirty two into nineteen thirty three, one point eight million tons of it left the country by ship. A famine is a shortage. This was a surplus, requisitioned, and shipped out the door while the people who grew it were sealed inside to starve.","In two thousand three, the Pulitzer Board commissioned Columbia University historian Mark von Hagen to review Duranty's Soviet reporting. He recommended the prize be revoked. The board declined, and said the prize had been awarded for reporting in a different period. Duranty's nineteen thirty one Soviet coverage is still listed in the Pulitzer archive. No annotation, no caveat, no asterisk.",institutional-voice convention,14,13.3,https://news.voidvision.org/audio/history/holodomor.mp3,https://news.voidvision.org/history/holodomor/
The Inca Empire and the Spanish Conquest,inca-conquest-peru,written,rendered,audio CONTRADICTS the current script: re-render or withdraw // predates the institutional-voice convention: a report or agency may be read in the F voice,early-modern,,catastrophic,political,am_michael,"catastrophic political: dark, but not funereal",bm_daniel,af_aoede,140.0,1946,1780,14.04,14.37,0.33,clean,5,The Inca Record | The Conquistadors' Case | The Resistance | The Epidemic That Beat Him There | The Andean Present,6,6,3,F+M+N,"Ask how the Inca empire fell and most people describe a trick: an emperor captured, a ransom demanded, a room filled with gold. The ransom was paid. Not partly, in full: a room over six meters long and five meters wide, filled with gold, and two more rooms filled with silver, carried in on llama back over eight months. The deal held for eight months. It did not hold on the last day. And the one object Atahualpa reached for that might have told him what these strangers wanted told him nothing at all.","The room where the ransom was piled still stands in Cajamarca. It is the only Inca building left standing in that city. On its wall, Atahualpa drew a line marking the height the gold had to reach. It is still there.",institutional-voice convention,16,13.2,https://news.voidvision.org/audio/history/inca-conquest-peru.mp3,https://news.voidvision.org/history/inca-conquest-peru/
The Indian Independence Movement,indian-independence-movement,written,rendered,"audio CONTRADICTS the current script: re-render or withdraw // gate: warn H-11 // predates H-11: check any read-aloud quote the record marks attributed, paraphrased, secondhand or written in someone else's voice // predates the unnamed-witness rule: check any quote from a speaker the record does not name says so aloud // predates the institutional-voice convention: a report or agency may be read in the F voice",modern,,critical,independence,am_michael,critical independence,bm_daniel,af_aoede,140.0,1946,1634,12.99,13.46,0.47,warn H-11,5,Gandhian / Indian National Congress | Revolutionary / Armed Resistance | British Colonial | Dalit / Ambedkarite | Muslim League,7,7,3,M+N,"You think you know how this one ends. A lawyer put down his suit, wrapped himself in homespun cloth, and walked to the sea to pick up salt. An empire cracked. That part is true. It is not the whole story. In the same decades, a twenty three year old threw a bomb built to make noise, not kill, and was hanged for it. A famine killed three million people. A navy mutinied. A war left the empire unable to pay its own debts. Independence had more than one author, and some of them never renounced violence.","Ambedkar chaired the committee that wrote India's constitution. It was adopted on January twenty sixth, nineteen fifty. Six weeks before his death, in October nineteen fifty six, he converted to Buddhism at Deekshabhoomi in Nagpur, along with six hundred thousand followers. The largest mass religious conversion in recorded history. He was not converting away from a foreign ruler. There had not been one in his country for nine years.",H-11 secondhand + impersonated voice; unnamed-witness disclosure rule; institutional-voice convention,17,12.3,https://news.voidvision.org/audio/history/indian-independence-movement.mp3,https://news.voidvision.org/history/indian-independence-movement/
The Industrial Revolution,industrial-revolution,written,rendered,"audio CONTRADICTS the current script: re-render or withdraw // gate: warn H-18; warn H-18; warn H-18 // predates H-11: check any read-aloud quote the record marks attributed, paraphrased, secondhand or written in someone else's voice // predates the unnamed-witness rule: check any quote from a speaker the record does not name says so aloud // predates the per-voice budget: its length was sized against one average rate, not its own anchor // predates the institutional-voice convention: a report or agency may be read in the F voice",modern,,catastrophic,economic,am_michael,"catastrophic economic: dark, but not funereal",bm_daniel,af_aoede,140.0,1946,1911,14.35,14.62,0.27,warn H-18; warn H-18; warn H-18,5,The Whig account | The Marxist account | The Great Divergence account | The Fossil Capital account | The Subaltern account,4,4,1,F+M+N,"Most people picture the industrial revolution as a machine born in Britain, ahead of the world already. In seventeen fifty that picture is backwards. Britain produced less than a tenth of the world's manufactured goods. India produced almost a quarter, and a weaver in the city of Dacca could out earn a weaver in Lancashire. By nineteen thirteen, India's share had fallen to one point four percent, and Manchester was calling itself the workshop of the world. The machine did not simply arrive in Britain. Something had to happen to everyone else first.","The railway compressed all of it into a single number. The Liverpool and Manchester line opened on the fifteenth of September, eighteen thirty, and moved goods and people at thirty miles an hour, ten times the speed of a canal barge. It needed exact timekeeping to run safely, station to station, and that need became Greenwich Mean Time in eighteen forty seven, then global time zones by eighteen eighty four. The clock that ran Arkwright's shift bells now runs the world's trains.",per-voice length budget (H-07); H-11 paraphrase rule; H-11 secondhand + impersonated voice; unnamed-witness disclosure rule; institutional-voice convention,14,13.4,https://news.voidvision.org/audio/history/industrial-revolution.mp3,https://news.voidvision.org/history/industrial-revolution/
The Iran-Iraq War,iran-iraq-war,written,rendered,audio CONTRADICTS the current script: re-render or withdraw // gate: warn H-11,contemporary,,catastrophic,war,bm_lewis,catastrophic war: the gravest voice,bm_george,af_aoede,146.0,2029,1861,14.24,14.46,0.22,warn H-11,5,Iranian Revolutionary / Sacred Defense | Iraqi Ba'athist | Kurdish / Halabja and the Anfal | Great-Power Double-Dealing | Regional Legacy / Later Scholarship,6,6,3,F+M+N,"Call this ancient sectarian hatred between Shia and Sunni, and the record disagrees. That fault line hardened because of this war. It did not start it. This war started over a river, a treaty five years old, and a government in Baghdad betting that a revolution next door had gutted its neighbor's army. Both governments fought it with tanks and jets bought from the same outside powers.","Iraq comes out of this war owing more than eighty billion dollars, much of it to Kuwait and the Gulf states that financed its fight against Iran. Two years later, Saddam invades Kuwait to erase that debt. The war that follows brings a permanent American military base to Saudi Arabia. Osama bin Laden will later name that presence as his first grievance. The border between Iran and Iraq, meanwhile, sits almost exactly where the jets crossed it on September twenty second, nineteen eighty.",none (has every current rule),16,13.3,https://news.voidvision.org/audio/history/iran-iraq-war.mp3,https://news.voidvision.org/history/iran-iraq-war/
The Iranian Revolution,iranian-revolution,written,rendered,"audio CONTRADICTS the current script: re-render or withdraw // gate: warn H-18; warn H-18 // predates H-11: check any read-aloud quote the record marks attributed, paraphrased, secondhand or written in someone else's voice // predates the unnamed-witness rule: check any quote from a speaker the record does not name says so aloud // predates the per-voice budget: its length was sized against one average rate, not its own anchor // predates the institutional-voice convention: a report or agency may be read in the F voice",contemporary,,catastrophic,revolution,am_michael,"catastrophic revolution: dark, but not funereal",bm_daniel,af_aoede,140.0,1946,1688,12.85,12.88,0.03,warn H-18; warn H-18,5,"The Islamic Republic | The secular left | The American account | The monarchists | Women's rights, given and taken",4,5,2,M+N,"It started with a newspaper article. One smear piece, about a cleric almost nobody under thirty could remember, placed in a state paper on the order of a government ministry. Thirteen months later a monarchy that traced itself back two and a half thousand years was gone. The mechanism in between is the part worth knowing, and it is not political. It is a funeral custom.","The monarchy fell on the eleventh of February nineteen seventy nine. The Islamic Republic was proclaimed seven weeks later, after a referendum on the first of April, and it is governing Iran still. Within twenty months it was at war with Iraq, for eight years, with chemical weapons used by both sides and somewhere between half a million and a million dead. In nineteen eighty eight, thousands of political prisoners were hanged on the strength of a single order, and the state denied it for twenty eight years, until a recording of one of its own senior clerics objecting to it was leaked. And the decree that fifteen thousand women marched against on the eighth of March, twenty five days after the monarchy fell, is still the law.",per-voice length budget (H-07); H-11 paraphrase rule; H-11 secondhand + impersonated voice; unnamed-witness disclosure rule; institutional-voice convention,14,11.8,https://news.voidvision.org/audio/history/iranian-revolution.mp3,https://news.voidvision.org/history/iranian-revolution/
The Khmer Empire,angkor-khmer-empire,written,rendered,audio CONTRADICTS the current script: re-render or withdraw // gate: warn H-18,medieval,,major,empire,bm_george,major empire: mid weight,bm_lewis,af_aoede,145.0,2015,1856,14.39,14.77,0.38,warn H-18,5,The Khmer Court | The French Discovery | The Cambodian Nationalists | The Thai Successor State | The Hydraulic Archaeologists,6,7,4,M+N,"A photograph of Angkor Wat's towers looks like a photograph of one temple. In twenty twelve, a plane carrying a laser flew over the jungle north of Siem Reap and stripped away six hundred years of forest growth. What it found was a city of a million people, more than a thousand square kilometers of reservoirs, canals, roads and neighborhoods. No pre industrial city on Earth has been shown to be that large. It dwarfed medieval London. The jungle did not hide a temple. It hid a city.","The stones record six centuries of kings, gods, wars and water management. They do not record the end. Angkor Wat stayed a Buddhist pilgrimage site after the royal court left for Phnom Penh and Lovek. Japanese visitors carved their names into its walls in the sixteen thirties. Cambodian families were still living among the ruins when a French naturalist wrote home that he had found a lost city.",none (has every current rule),16,13.5,https://news.voidvision.org/audio/history/angkor-khmer-empire.mp3,https://news.voidvision.org/history/angkor-khmer-empire/
The Kingdom of Kongo,kingdom-of-kongo,written,rendered,audio CONTRADICTS the current script: re-render or withdraw // gate: warn H-18,early-modern,,major,political,bm_george,major political: mid weight,bm_lewis,af_aoede,145.0,2015,1797,13.54,14.35,0.81,warn H-18,5,Kongolese Royal / Manikongo | Portuguese Colonial / Commercial | Catholic Missionary / Theological | Pan-African / Diasporic | Revisionist / Thornton-Heywood School,5,7,2,F+M+N,"You picture the slave trade landing on a coast with no state to answer to. In one kingdom, the man in charge was baptised, literate in Portuguese, and wrote directly to the king of Portugal, one Christian monarch to another. He asked him, in writing, on two separate occasions in the same year, to stop it. The letters survive. So does the fact that nothing in them changed what happened next.","Antonio the First's head was carried to Luanda and buried in the chapel of Our Lady of Nazareth. Afonso's letters were filed in the Arquivo Nacional da Torre do Tombo in Lisbon. They went unread by historians until the twentieth century. After the Stono Rebellion, South Carolina passed the Negro Act of seventeen forty, barring enslaved people from learning to read, assembling in groups, or earning money. The provisions stayed in force until eighteen sixty five.",none (has every current rule),15,13.2,https://news.voidvision.org/audio/history/kingdom-of-kongo.mp3,https://news.voidvision.org/history/kingdom-of-kongo/
The Korean War,korean-war,written,rendered,audio CONTRADICTS the current script: re-render or withdraw // gate: warn H-11 // predates the institutional-voice convention: a report or agency may be read in the F voice,contemporary,,catastrophic,war,bm_lewis,catastrophic war: the gravest voice,bm_george,af_aoede,146.0,2029,1949,14.67,14.73,0.06,warn H-11,5,"American / UN Coalition | North Korean / DPRK, Fatherland Liberation War | South Korean / ROK, 6.25 War | Chinese, War to Resist American Aggression and Aid Korea | Civilian, Divided Families",5,6,3,F+M+N,"You think this war ended. July the twenty seventh, nineteen fifty three. An armistice. The guns went quiet. Look at who signed it. A United States Army general, for the United Nations Command. A North Korean general, for the other side. South Korea refused to sign. Seventy three years later, that is still the only document that ends the fighting. No peace treaty has followed. North and South Korea remain, on paper, at war.","Lee Bok-soon applied for the reunion lottery in nineteen eighty five. She reapplied every year. She died in two thousand seven, at seventy nine years old, still waiting. Her husband's fate was never known.",institutional-voice convention,15,13.5,https://news.voidvision.org/audio/history/korean-war.mp3,https://news.voidvision.org/history/korean-war/
The Mali Empire and Mansa Musa's Pilgrimage,mali-empire-mansa-musa,written,rendered,"audio not verified against the script (no hash on record): listen and confirm, or re-render // gate: warn H-10; warn H-18 // predates H-11: check any read-aloud quote the record marks attributed, paraphrased, secondhand or written in someone else's voice // predates the unnamed-witness rule: check any quote from a speaker the record does not name says so aloud // predates the per-voice budget: its length was sized against one average rate, not its own anchor // predates the institutional-voice convention: a report or agency may be read in the F voice",medieval,,major,empire,bm_george,major empire: mid weight,bm_lewis,af_aoede,145.0,2015,1919,14.2,14.15,-0.05,warn H-10; warn H-18,5,The Mande tradition | The Songhai and the subject peoples | The North African merchants | The postcolonial historians | The Egyptian economy,4,6,2,M+N,"In twenty twelve a website published a list of the richest people who have ever lived, and put a fourteenth century West African king at the top of it with a figure of four hundred billion dollars. Time and the BBC repeated it. The number is not real. Nobody can convert a medieval gold economy into modern dollars. The interesting thing is what the list leaves out. Not how rich the man was. What happened to a city when he walked through it, and what he left behind in a town on the edge of the Sahara.","Musa died around thirteen thirty seven. The succession fell apart, the provinces went, and by the fourteen sixties Timbuktu belonged to Songhai. The Catalan Atlas is in Paris. The manuscripts are in Bamako and in family libraries across the Sahel, some still in the trunks they left in. The griots are still performing, four to eight hours at a time, the same epic. And in Cairo, for twelve years after a man came through on his way to Mecca, the price of gold was wrong.",per-voice length budget (H-07); H-11 paraphrase rule; H-11 secondhand + impersonated voice; unnamed-witness disclosure rule; institutional-voice convention,14,13.0,https://news.voidvision.org/audio/history/mali-empire-mansa-musa.mp3,https://news.voidvision.org/history/mali-empire-mansa-musa/
The Meiji Restoration,meiji-restoration,written,rendered,"audio CONTRADICTS the current script: re-render or withdraw // predates H-11: check any read-aloud quote the record marks attributed, paraphrased, secondhand or written in someone else's voice // predates the unnamed-witness rule: check any quote from a speaker the record does not name says so aloud // predates the per-voice budget: its length was sized against one average rate, not its own anchor // predates the institutional-voice convention: a report or agency may be read in the F voice",modern,,major,revolution,bm_george,major revolution: mid weight,bm_lewis,af_aoede,145.0,2015,1853,14.1,14.71,0.61,clean,5,The oligarchs | The samurai | The Western observer | The comparativist | The Korean account,5,6,4,M+N,"The movement that opened Japan to the world took power on a promise to throw the world out. Its slogan was sonno joi. Revere the Emperor, Expel the Barbarians. That demand united the opposition to the shogunate through the eighteen sixties, and the barbarians were the Americans, and Britain, and France. Within three years of winning, the leading men of the new government were on a ship to America, and then to Europe, for twenty two months. And the emperor they had sworn to revere was fifteen years old and held no power at all.","In eighteen seventy one, sixty students sailed with the mission that went to audit the West. Five were young women. The youngest was six years old. Her name was Tsuda Umeko. She came home, and in nineteen hundred she founded a university for women, in a country that had given girls compulsory schooling since eighteen seventy two and no political rights at all.",per-voice length budget (H-07); H-11 paraphrase rule; H-11 secondhand + impersonated voice; unnamed-witness disclosure rule; institutional-voice convention,15,13.5,https://news.voidvision.org/audio/history/meiji-restoration.mp3,https://news.voidvision.org/history/meiji-restoration/
The Mongol Conquest of Baghdad,mongol-conquest-baghdad,written,rendered,audio CONTRADICTS the current script: re-render or withdraw // predates the institutional-voice convention: a report or agency may be read in the F voice,medieval,,catastrophic,war,bm_lewis,catastrophic war: the gravest voice,bm_george,af_aoede,146.0,2029,1799,13.73,14.19,0.46,clean,5,Mongol Imperial | Abbasid and Islamic Civilization | Chinese and East Asian | The Revisionist Argument | The Surviving Scholars,5,6,4,M+N,"You think you know this one. Mongol riders swept out of the steppe and destroyed the capital of the Islamic world, alone. The force that surrounded Baghdad's walls in twelve fifty eight ran to somewhere between one hundred twenty thousand and one hundred fifty thousand troops, and it was not only Mongol. Chinese siege engineers rode with it. So did Georgian Christian cavalry, and Armenian troops. Behind the walls stood twenty thousand men under the last Abbasid caliph, many of them demoralized, many unpaid. This was not two civilizations meeting on a battlefield. It was a coalition, arriving at a caliphate that had already stopped being able to defend itself.","Thirty one years before the sack, Caliph al-Mustansir founded a school in Baghdad known as the Mustansiriya Madrasa. It served all four Sunni schools of law and housed one of the city's own libraries. It is one of the only Abbasid era buildings still standing in Baghdad today.",institutional-voice convention,15,13.0,https://news.voidvision.org/audio/history/mongol-conquest-baghdad.mp3,https://news.voidvision.org/history/mongol-conquest-baghdad/
The Mongol Empire,mongol-empire,written,rendered,"audio CONTRADICTS the current script: re-render or withdraw // gate: warn H-11; warn H-18 // predates H-11: check any read-aloud quote the record marks attributed, paraphrased, secondhand or written in someone else's voice // predates the unnamed-witness rule: check any quote from a speaker the record does not name says so aloud // predates the per-voice budget: its length was sized against one average rate, not its own anchor // predates the institutional-voice convention: a report or agency may be read in the F voice",medieval,,catastrophic,empire,am_michael,"catastrophic empire: dark, but not funereal",bm_daniel,af_aoede,140.0,1946,1690,13.39,13.14,-0.25,warn H-11; warn H-18,5,The Mongol court | The Chinese court | The Persian world | The Russian principalities | The revisionist argument,5,7,2,M+N,"Think of one man, Genghis Khan, riding out of the steppe and putting all of Eurasia to the sword. The gates of Vienna. The House of Wisdom in Baghdad. The Yangtze river. He died in August of twelve twenty seven, probably on campaign against the Xi Xia kingdom. The Mongol army did not reach Hungary and Poland until twelve forty one, fourteen years after he was gone. Baghdad fell in twelve fifty eight, to his own grandson, thirty one years after he was gone. The conquest of southern China did not finish until twelve seventy nine, fifty two years after he was gone, under another grandson. The empire everyone pictures inside one lifetime took three generations to build. The man whose name it carries saw less than half of it happen.","Genghis Khan's face is on Mongolian currency now, and his name is on the airport at Ulaanbaatar. Fifty four kilometers east of the capital, a stainless steel statue of him on horseback stands forty meters tall. In China, he is classified as a Chinese emperor, the founder of a legitimate dynasty. In Iran, Iraq and Afghanistan, he remains a byword for destruction. A two thousand three genetic study found that sixteen million men alive today carry a Y chromosome lineage traced to his family line.",per-voice length budget (H-07); H-11 paraphrase rule; H-11 secondhand + impersonated voice; unnamed-witness disclosure rule; institutional-voice convention,15,12.0,https://news.voidvision.org/audio/history/mongol-empire.mp3,https://news.voidvision.org/history/mongol-empire/
The Mughal Empire,mughal-empire,written,rendered,audio CONTRADICTS the current script: re-render or withdraw // gate: warn H-18,early-modern,,major,political,bm_george,major political: mid weight,bm_lewis,af_aoede,145.0,2015,1750,13.74,14.02,0.28,warn H-18,5,Mughal Imperial court | Hindu Nationalist revisionism | British Colonial administration | Subaltern and peasant | Postcolonial historiography,5,6,5,M+N,"In fifteen eighty two, the ruler of a subcontinent declared a new religion, debated for seven years by five faiths at his own court. It attracted fewer than twenty followers, and it died with him. A century later, that same empire ran close to a quarter of the entire world's economy, more than every state in Europe combined. The religion nobody joined and the wealth nobody could match came out of the same machine. This is a story about the machine, not the faith.","The dynasty that spent twenty thousand workers and twenty one years on a tomb for one empress buried its own last emperor without a marker, in a cell in Rangoon, in eighteen sixty two.",none (has every current rule),15,12.8,https://news.voidvision.org/audio/history/mughal-empire.mp3,https://news.voidvision.org/history/mughal-empire/
The Nanjing Massacre,nanjing-massacre,written,rendered,"audio CONTRADICTS the current script: re-render or withdraw // gate: warn H-11 // predates H-11: check any read-aloud quote the record marks attributed, paraphrased, secondhand or written in someone else's voice // predates the unnamed-witness rule: check any quote from a speaker the record does not name says so aloud // predates the per-voice budget: its length was sized against one average rate, not its own anchor // predates the institutional-voice convention: a report or agency may be read in the F voice",contemporary,,catastrophic,genocide,bm_lewis,catastrophic genocide: the gravest voice,bm_george,af_aoede,146.0,2029,1826,13.83,13.5,-0.33,warn H-11,5,Chinese National Memory | Western Witnesses and the Safety Zone | Japanese Historiography and Memory | Survivor Testimony | The Legal Record and Command Responsibility,4,9,2,F+M+N,"Picture Nanjing as a battle. A defending army meets an invading one, the defenders lose, and what follows is the massacre. That is not what happened. Days before Japanese troops reached the walls, the general commanding the city, Tang Shengzhi, swore publicly to hold Nanjing to the last man. Then he crossed the Yangtze himself and left his own soldiers behind, with no orders and no way out. Tens of thousands of them stripped off their uniforms and hid inside the walls, among two hundred thousand civilians who had nowhere else to go. There was no army left to defeat. What the Japanese army spent the next six weeks doing was hunting for one, checkpoint by checkpoint.","The Nanjing memorial has begun casting the footprints of survivors in bronze, one by one, as the last of them die. They were born before nineteen thirty. Most of them are gone now. The bronze is there so that after the last footprint is cast, someone can still stand where they stood.",per-voice length budget (H-07); H-11 paraphrase rule; H-11 secondhand + impersonated voice; unnamed-witness disclosure rule; institutional-voice convention,14,12.4,https://news.voidvision.org/audio/history/nanjing-massacre.mp3,https://news.voidvision.org/history/nanjing-massacre/
The Opium Wars,opium-wars,written,rendered,"audio CONTRADICTS the current script: re-render or withdraw // predates H-11: check any read-aloud quote the record marks attributed, paraphrased, secondhand or written in someone else's voice // predates the unnamed-witness rule: check any quote from a speaker the record does not name says so aloud // predates the per-voice budget: its length was sized against one average rate, not its own anchor // predates the institutional-voice convention: a report or agency may be read in the F voice",modern,,critical,war,am_michael,critical war,bm_daniel,af_aoede,140.0,1946,1704,13.32,13.4,0.08,clean,5,The British ledger | The Qing court | The nation's rebirth | The trade across three continents | The fields of Bengal,4,6,3,M+N,"You call these the Opium Wars. The country that fought them never did. Forty four warships and four thousand troops sailed for China, and the government that sent them said almost nothing about opium. A vote to censure that war failed by nine votes in Parliament. The treaty that ended it ceded an island, opened five ports, and set an indemnity of twenty one million silver dollars. It never once mentioned the drug that started the fighting.","By the eighteen eighties, China was importing over six thousand tons of opium a year, in a trade that neither war was ever officially fought over. Twelve bronze zodiac heads once stood on a fountain at the Yuanmingyuan. They were looted the week of the burning. Some have gone back. Others are still sitting in private collections and museums somewhere else in the world, and the dispute over them has not stopped.",per-voice length budget (H-07); H-11 paraphrase rule; H-11 secondhand + impersonated voice; unnamed-witness disclosure rule; institutional-voice convention,14,12.3,https://news.voidvision.org/audio/history/opium-wars.mp3,https://news.voidvision.org/history/opium-wars/
The Ottoman Empire,ottoman-empire,written,rendered,audio CONTRADICTS the current script: re-render or withdraw // OVER the 15 min format ceiling at 15.26 (audio gate allows 15.5): re-cut the script or accept // gate: warn H-18; warn H-18; warn H-18 // predates the institutional-voice convention: a report or agency may be read in the F voice,medieval,,catastrophic,political,am_michael,"catastrophic political: dark, but not funereal",bm_daniel,af_aoede,140.0,1946,1888,14.54,15.26,0.72,warn H-18; warn H-18; warn H-18,5,Turkish Republican / Kemalist | Arab Nationalist | Balkan / Orthodox Christian | Revisionist / Pluralist | Postcolonial / Dissolution Consequences,5,7,1,F+M+N,"Say the Ottoman Empire and you probably think of Turks ruling for Turks. For long stretches of six centuries, the men actually running the empire were not born Turkish, not born free, and not born Muslim. They were Christian boys taken from their villages as children, forced to convert, and trained to administer the state that had taken them. Some of the most powerful officials in its history never once chose to belong to it.","In fourteen ninety two, Thessaloniki took in the ships Bayezid the Second sent for the Jews expelled from Spain. Four hundred and thirty years later, the empire that sent those ships was abolished by a general born in that same city.",institutional-voice convention,15,14.0,https://news.voidvision.org/audio/history/ottoman-empire.mp3,https://news.voidvision.org/history/ottoman-empire/
The Partition of India,partition-of-india,written,rendered,"gate: warn H-10 // predates H-11: check any read-aloud quote the record marks attributed, paraphrased, secondhand or written in someone else's voice // predates the unnamed-witness rule: check any quote from a speaker the record does not name says so aloud // predates the per-voice budget: its length was sized against one average rate, not its own anchor // predates the institutional-voice convention: a report or agency may be read in the F voice",contemporary,,catastrophic,independence,bm_lewis,catastrophic independence: the gravest voice,bm_george,af_aoede,146.0,2029,1876,14.96,14.19,-0.77,warn H-10,5,British Imperial | Indian Nationalist | Pakistani Nationalist | Subaltern and displacement | Women's history,6,7,10,F+M+N,"There is a border in South Asia, between India and Pakistan, that the two countries have fought four wars across. Both hold nuclear weapons. You would assume a line like that was drawn slowly, by people who knew the ground. It was drawn in five weeks, by a man who had never been to India, from one census, six years old. One census, any map, and five weeks.","Two countries were made from one on the fifteenth of August, nineteen forty seven. The line through the Punjab was signed on the twelfth and published after the ceremonies. It left a hundred and sixty two enclaves on the wrong side of the border with what became Bangladesh; they were exchanged in twenty fifteen. In nineteen seventy one, East Pakistan broke away, and Bangladesh became a third country born from the first partition. Both states hold nuclear weapons now. They have fought four wars. Kashmir is still contested. One census, any map, and five weeks.",per-voice length budget (H-07); H-11 paraphrase rule; H-11 secondhand + impersonated voice; unnamed-witness disclosure rule; institutional-voice convention,17,13.0,https://news.voidvision.org/audio/history/partition-of-india.mp3,https://news.voidvision.org/history/partition-of-india/
The Peloponnesian War,peloponnesian-war,written,rendered,audio WITHDRAWN (contradicts the corrected script): re-render // OVER the 15 min format ceiling at 15.21 (audio gate allows 15.5): re-cut the script or accept // gate: warn H-07 // predates the institutional-voice convention: a report or agency may be read in the F voice,ancient,,major,war,bm_george,major war: mid weight,bm_lewis,af_aoede,145.0,2015,1980,15.06,15.21,0.15,warn H-07,5,Athenian / Democratic-Imperial | Spartan / Peloponnesian League | Subject Peoples / The Melian Position | Modern Realist / International Relations Theory | Non-Athenian Greek Cities / Subject Allies,7,7,2,M+N,"Say the Peloponnesian War and people picture two armies settling it with spears. Athens against Sparta, one winner left standing. The record does not show that. Sparta burned Athenian farmland almost every summer for years, and Athens simply would not come out to fight. What finally broke Athens was not a battle at all. And when Sparta won, it did not win as the better army. It won with Persian gold, from the same power the two of them had once united to drive out of Greece.","In four eleven BCE, twenty years into a war that would run seven more, the playwright Aristophanes staged a comedy about ending it. In it, the women of Athens and Sparta seize the treasury on the Acropolis and refuse their husbands until the men agree to make peace. It was a comedy. Households across the city really were collapsing, and it still took Athens another seven years to stop.",institutional-voice convention,17,13.9,https://news.voidvision.org/audio/history/peloponnesian-war.mp3,https://news.voidvision.org/history/peloponnesian-war/
The Pentagon Papers and Watergate,watergate,written,rendered,audio CONTRADICTS the current script: re-render or withdraw // predates the institutional-voice convention: a report or agency may be read in the F voice,contemporary,,major,political,bm_george,major political: mid weight,bm_lewis,af_aoede,145.0,2015,1634,12.85,13.49,0.64,clean,5,The Investigative Press and the Leaker | The Executive-Power Defense | The Institutional Rule-of-Law View | The Skeptical Revisionist | The Public and the Loss of Trust,6,8,3,F+M+N,"The story goes that two newspaper reporters brought down a president. The record disagrees. Its own institutional account credits grand juries, judges, a special prosecutor, two congressional committees, and a unanimous Supreme Court, not two reporters at a typewriter. And when the break-in happened, almost nobody thought it mattered. A White House spokesman called it a third-rate burglary. That November, the man he worked for carried forty nine states.","Gerald Ford, who had just told the country the nightmare was over, pardons Nixon on September the eighth, nineteen seventy four. One month after the resignation.",institutional-voice convention,16,12.4,https://news.voidvision.org/audio/history/watergate.mp3,https://news.voidvision.org/history/watergate/
The Protestant Reformation,the-reformation,written,rendered,"audio CONTRADICTS the current script: re-render or withdraw // predates H-11: check any read-aloud quote the record marks attributed, paraphrased, secondhand or written in someone else's voice // predates the unnamed-witness rule: check any quote from a speaker the record does not name says so aloud // predates the per-voice budget: its length was sized against one average rate, not its own anchor // predates the institutional-voice convention: a report or agency may be read in the F voice",early-modern,,catastrophic,cultural,am_michael,"catastrophic cultural: dark, but not funereal",bm_daniel,af_aoede,140.0,1946,1694,13.6,13.29,-0.31,clean,5,The Lutheran Reformers | The Catholic Church | The Radical Reformation and the Peasants | The Princes and Sovereignty | Print and the Modern World,5,8,3,F+M+N,"The most famous sentence Martin Luther ever spoke, he did not speak. Here I stand, I can do no other. That line is not recorded on the spot at the Diet of Worms. It was added into the earliest printed account of the day, after the fact. What he did say, on the record, is that his conscience was captive to the Word of God, and that he would not recant. And the man remembered for standing alone against an empire spent his career, three years later, telling princes to hunt down the people who took his own talk of freedom literally.","The door in Wittenberg burned down in a fire in seventeen sixty. What is on the church today is bronze, cast in eighteen fifty eight, the ninety five theses recast in the metal, in Latin, on a door that may not be the one Luther used at all.",per-voice length budget (H-07); H-11 paraphrase rule; H-11 secondhand + impersonated voice; unnamed-witness disclosure rule; institutional-voice convention,15,12.2,https://news.voidvision.org/audio/history/the-reformation.mp3,https://news.voidvision.org/history/the-reformation/
The Rise of Islam,rise-of-islam,written,rendered,"audio CONTRADICTS the current script: re-render or withdraw // predates H-11: check any read-aloud quote the record marks attributed, paraphrased, secondhand or written in someone else's voice // predates the unnamed-witness rule: check any quote from a speaker the record does not name says so aloud // predates the per-voice budget: its length was sized against one average rate, not its own anchor // predates the institutional-voice convention: a report or agency may be read in the F voice",medieval,,catastrophic,political,am_michael,"catastrophic political: dark, but not funereal",bm_daniel,af_aoede,140.0,1946,1796,14.06,14.43,0.37,clean,5,The Sunni tradition | The Shia tradition | Byzantium and Persia | The Western revisionists | The Islamicate civilization,6,7,3,M+N,"Ask when Islam began and most people will say six hundred ten, the night a merchant saw an angel in a cave outside Mecca. The people who wrote the calendar disagreed. The Islamic calendar does not start with that night. It starts twelve years later, in six hundred twenty two, when that merchant and his followers left Mecca for a city two hundred seventy miles north. The cave produced five verses and one believer, his own wife. The emigration produced a government. The calendar remembers the government.","Yazdegerd the Third ran for nine years before he was killed by a miller in Merv, in six hundred fifty one. An empire that had fought Rome and Byzantium to a standstill for seven centuries ceased to exist in fifteen years. A century later, when the Abbasids came for the Umayyads, one prince got out. Abd al-Rahman escaped to Spain and founded an independent emirate at Cordoba, on the far shore of the sea the conquest had never quite closed.",per-voice length budget (H-07); H-11 paraphrase rule; H-11 secondhand + impersonated voice; unnamed-witness disclosure rule; institutional-voice convention,16,13.2,https://news.voidvision.org/audio/history/rise-of-islam.mp3,https://news.voidvision.org/history/rise-of-islam/
The Russian Revolution,russian-revolution,written,rendered,"audio CONTRADICTS the current script: re-render or withdraw // gate: warn H-11 // predates H-11: check any read-aloud quote the record marks attributed, paraphrased, secondhand or written in someone else's voice // predates the unnamed-witness rule: check any quote from a speaker the record does not name says so aloud // predates the per-voice budget: its length was sized against one average rate, not its own anchor // predates the institutional-voice convention: a report or agency may be read in the F voice",modern,,catastrophic,revolution,am_michael,"catastrophic revolution: dark, but not funereal",bm_daniel,af_aoede,140.0,1946,1740,13.57,14.17,0.6,warn H-11,5,The Bolsheviks | The Whites | The peasants and the soldiers | The Western powers | The revisionist historians,5,6,4,F+M+N,"You have seen the storming of the Winter Palace. Soldiers pouring over the gates, rifles raised, a fortress taken by force. That footage is real film, shot in nineteen twenty, three years after the fact, staged for the cameras. The actual night had fewer than twenty casualties and no storming at all. The myth became more real than the event it was pretending to show.","The Kronstadt sailors who helped bring the Bolsheviks to power in nineteen seventeen rose against them in March nineteen twenty one. Trotsky's forces crossed the ice of the frozen bay to put them down. The Constituent Assembly the Socialist Revolutionaries had actually won sat for twelve hours before Red Guards cleared the hall. The bodies of Nicholas, Alexandra, and their five children were driven to an abandoned mineshaft, doused in acid, and buried under a forest road. Nobody found them until nineteen ninety one.",per-voice length budget (H-07); H-11 paraphrase rule; H-11 secondhand + impersonated voice; unnamed-witness disclosure rule; institutional-voice convention,15,13.0,https://news.voidvision.org/audio/history/russian-revolution.mp3,https://news.voidvision.org/history/russian-revolution/
The Rwandan Genocide,rwandan-genocide,written,rendered,"audio CONTRADICTS the current script: re-render or withdraw // gate: warn H-11; warn H-10 // predates H-11: check any read-aloud quote the record marks attributed, paraphrased, secondhand or written in someone else's voice // predates the unnamed-witness rule: check any quote from a speaker the record does not name says so aloud // predates the per-voice budget: its length was sized against one average rate, not its own anchor // predates the institutional-voice convention: a report or agency may be read in the F voice",contemporary,,catastrophic,genocide,bm_lewis,catastrophic genocide: the gravest voice,bm_george,af_aoede,146.0,2029,1739,12.61,12.59,-0.02,warn H-11; warn H-10,5,The survivors | The peacekeepers | The United Nations | The pan-African reading | Rwanda after,3,5,2,F+M+N,"The word used at the time, in newsrooms and in foreign ministries, was tribal. Ancient hatreds. Something that had welled up and would burn itself out. Here is what the record shows. Roadblocks were up across the capital within one hour of the plane coming down. The lists of who to kill had been typed in advance. The peacekeepers from one particular country were murdered first, because the planners had calculated that their government would then leave, and they were right. And the document a militiaman at a roadblock asked you for, the one that decided whether you lived, had been designed by a Belgian colonial administration in the nineteen thirties.","The killing stopped because the rebel army won, in July, and not because anybody intervened. France's safe zone in the southwest, set up in the last weeks, also opened a road out. The organisers crossed it into what is now the Democratic Republic of Congo, rebuilt as armed groups, and the wars that followed there have killed several million more people. The doctrine that states have a responsibility to protect populations from this was adopted by the United Nations in two thousand and five. It is invoked selectively. A hundred days. Something near a million people. Five times the rate of the Nazi camps. And of the fifty thousand who went to the school at Murambi because officials told them it was safe, thirty four were found alive the next morning, among the dead.",per-voice length budget (H-07); H-11 paraphrase rule; H-11 secondhand + impersonated voice; unnamed-witness disclosure rule; institutional-voice convention,13,11.5,https://news.voidvision.org/audio/history/rwandan-genocide.mp3,https://news.voidvision.org/history/rwandan-genocide/
The Scramble for Africa,scramble-for-africa,written,rendered,"gate: warn H-10; warn H-10; warn H-10; warn H-10; warn H-10; warn H-10; warn H-10 // predates H-11: check any read-aloud quote the record marks attributed, paraphrased, secondhand or written in someone else's voice // predates the unnamed-witness rule: check any quote from a speaker the record does not name says so aloud // predates the per-voice budget: its length was sized against one average rate, not its own anchor // predates the institutional-voice convention: a report or agency may be read in the F voice",modern,,catastrophic,empire,am_michael,"catastrophic empire: dark, but not funereal",bm_daniel,af_aoede,140.0,1946,1851,14.98,14.39,-0.59,warn H-10; warn H-10; warn H-10; warn H-10; warn H-10; warn H-10; warn H-10,5,The colonizers | The kingdoms that resisted | The Pan African critique | The economic ledger | North Africa's own war,6,6,9,M+N,"On the twenty sixth of February, eighteen eighty five, fourteen governments signed a General Act at Berlin. It names no border and gives no territory to anyone. Six documents, no border, and nobody from Africa in the room.","Fourteen governments signed the Act at Berlin in eighteen eighty five; no African was in the room. Within thirty years Europe held over ninety per cent of Africa; Ethiopia and Liberia alone were independent. The Congo passed from its king to Belgium in nineteen oh eight. Germany recognised the Herero and Nama genocide in twenty twenty one, by the event record. The report that printed the Herero affidavits was withdrawn in nineteen twenty six from libraries throughout the British Empire; in South Africa and Namibia copies were destroyed. Six documents, no border, and nobody from Africa in the room.",per-voice length budget (H-07); H-11 paraphrase rule; H-11 secondhand + impersonated voice; unnamed-witness disclosure rule; institutional-voice convention,16,13.2,https://news.voidvision.org/audio/history/scramble-for-africa.mp3,https://news.voidvision.org/history/scramble-for-africa/
The Silk Road,silk-road,written,rendered,"audio CONTRADICTS the current script: re-render or withdraw // gate: warn H-10; warn H-10; warn H-10; warn H-18; warn H-18 // predates H-11: check any read-aloud quote the record marks attributed, paraphrased, secondhand or written in someone else's voice // predates the unnamed-witness rule: check any quote from a speaker the record does not name says so aloud // predates the per-voice budget: its length was sized against one average rate, not its own anchor // predates the institutional-voice convention: a report or agency may be read in the F voice",classical,,major,economic,bm_george,major economic: mid weight,bm_lewis,af_aoede,145.0,2015,1801,13.21,13.17,-0.04,warn H-10; warn H-10; warn H-10; warn H-18; warn H-18,5,The Chinese court | The Sogdians | The Buddhist transmission | The Islamic golden age | The disease road,3,4,3,M+N,"Two things about the name. It was invented in eighteen seventy seven, by a German geographer, about four hundred years after the thing it describes had stopped working. Nobody who ever travelled it called it that. And there was no road. There was no single route, no surface, no map. There was a shifting braid of paths that moved with the politics, and the cargo that mattered most on it was not silk.","The network did not collapse. It atrophied. In fourteen ninety eight Vasco da Gama reached India by sea and cut out every middleman between Lisbon and Calicut. A ship carries more than a camel and does not need to be fed across a desert, and bulk trade went to the water. The name arrived four centuries after that, from a geographer in Berlin who never walked it. And the letters that a Sogdian woman wrote to a husband who had stopped answering spent sixteen hundred years in a watchtower on the frontier, in a language that had no readers left, before anyone opened them.",per-voice length budget (H-07); H-11 paraphrase rule; H-11 secondhand + impersonated voice; unnamed-witness disclosure rule; institutional-voice convention,13,12.1,https://news.voidvision.org/audio/history/silk-road.mp3,https://news.voidvision.org/history/silk-road/
The Six-Day War,six-day-war,written,rendered,audio CONTRADICTS the current script: re-render or withdraw // gate: warn H-11; warn H-18; warn H-18 // predates the institutional-voice convention: a report or agency may be read in the F voice,contemporary,,catastrophic,war,bm_lewis,catastrophic war: the gravest voice,bm_george,af_aoede,146.0,2029,1884,14.05,13.97,-0.08,warn H-11; warn H-18; warn H-18,5,The Israeli account | The Nasserist account | The Palestinian account | The revisionist account | The diplomatic account,5,6,3,F+M+N,"Call it the Six Day War and you picture six days of fighting. Tanks grinding across three fronts, cities changing hands, a war fought and refought in the field. At seven forty five in the morning on June fifth, nineteen sixty seven, roughly one hundred and eighty Israeli jets crossed the Mediterranean below Egyptian radar and struck eleven airfields at once. Within three hours, about three hundred of Egypt's four hundred and twenty combat aircraft were burning on the ground. The pilots who were supposed to defend Cairo never left the tarmac. The war was decided before most of the Arab world even knew it had begun. Everything that followed for the next five days was a land campaign against an enemy that no longer had an air force.","The occupation that began on June tenth never ended. In twenty twenty six it is fifty nine years old. The refugee population it created, added to the one from nineteen forty eight, now exceeds five point nine million people registered with the United Nations. In the Latrun salient, the villages of Imwas, Yalu, and Beit Nuba were bulldozed within weeks of the ceasefire. Their ruins were later planted over as a public park. It is called Canada Park. The picnic tables sit on the foundations of the houses.",institutional-voice convention,15,12.8,https://news.voidvision.org/audio/history/six-day-war.mp3,https://news.voidvision.org/history/six-day-war/
The Spanish Civil War,spanish-civil-war,written,rendered,audio CONTRADICTS the current script: re-render or withdraw // gate: warn H-18,contemporary,,catastrophic,war,bm_lewis,catastrophic war: the gravest voice,bm_george,af_aoede,146.0,2029,1856,14.65,14.63,-0.02,warn H-18,5,Republican Spain | Nationalist Spain | International Volunteers and the Great Powers | The Catholic Church and Rural Spain | Memory and the Historians' War,6,7,6,F+M+N,"You know the postcard version. Young idealists crossing oceans to fight fascism in Spain, Hemingway and Orwell and the Lincoln Battalion, thirty five thousand volunteers from fifty countries. The other side had foreigners too, and more of them. Germany rotated nineteen thousand men of its Condor Legion through Spain. Italy sent as many as seventy five thousand troops. For Germany this was not a romantic cause. It was a laboratory, testing the dive bomber and the fighter plane and the bombing of towns for a war that would start five months after this one ended. The war remembered as the last great cause was also, on the record, somebody else's rehearsal.","Picasso set one condition on the mural's return to Spain: not until public liberties and democratic institutions were restored. He died in nineteen seventy three. Franco died two years later. The painting reached Spain in nineteen eighty one, after democracy, and neither man was alive to see it arrive.",none (has every current rule),16,13.4,https://news.voidvision.org/audio/history/spanish-civil-war.mp3,https://news.voidvision.org/history/spanish-civil-war/
The Srebrenica Genocide and the Bosnian War,srebrenica-genocide,written,rendered,gate: warn H-10 // predates the institutional-voice convention: a report or agency may be read in the F voice,contemporary,,catastrophic,genocide,bm_lewis,catastrophic genocide: the gravest voice,bm_george,af_aoede,146.0,2029,1982,14.98,14.76,-0.22,warn H-10,5,Bosniak Survivors and the Legal Record | The UN Safe Area and the Dutch Peacekeepers | Genocide Denial versus the International Juridical Finding | The Mothers of Srebrenica | Scholarship on Ethnic Cleansing in the Yugoslav Wars,6,7,5,M+N,"In April of nineteen ninety three the Security Council demanded that a town in eastern Bosnia be treated as a safe area, free from any armed attack. The force sent to hold it never numbered more than six hundred men. Around it, up to two thousand, with tanks, artillery and mortars. In July of nineteen ninety five the town fell in an afternoon. One sentence, six hundred men, and two bombs.","In July of nineteen ninety five, in the Bosnian War, the Bosnian Serb army took a United Nations safe area in eastern Bosnia and executed the Bosnian Muslim men and boys it captured. The tribunal put them at seven to eight thousand; in two thousand twenty four the General Assembly recited at least eight thousand three hundred and seventy two lives lost. The war ended that December. The status agreement of May nineteen ninety three required a claims commission, the one instrument for an individual seeking a remedy against the United Nations. In two thousand thirteen the European Court of Human Rights wrote that it would appear this has not been done. One sentence, six hundred men, and two bombs.",institutional-voice convention,16,13.5,https://news.voidvision.org/audio/history/srebrenica-genocide.mp3,https://news.voidvision.org/history/srebrenica-genocide/
The Suez Crisis,suez-crisis,written,rendered,audio CONTRADICTS the current script: re-render or withdraw // gate: warn H-18; warn H-18,contemporary,,critical,war,am_michael,critical war,bm_daniel,af_aoede,140.0,1946,1778,14.02,14.29,0.27,warn H-18; warn H-18,5,British and French Imperial | Egyptian and Arab Nationalist | Israeli Strategic | American Cold War Management | Later Scholarship and the End of Empire,6,7,2,M+N,"Israel took the Sinai peninsula in about a hundred hours. British and French paratroopers destroyed the Egyptian air force on the ground and held the northern Suez Canal within days. This is a war Egypt lost on every battlefield it fought. Egypt also kept the canal, kept its government, and its president became the most celebrated man in the Arab world. Three governments met in secret at a villa outside Paris three weeks before the shooting started, and none of them planned for that outcome.","Eden resigned in January nineteen fifty seven, replaced by Harold Macmillan, the man who had pushed hardest for the invasion and then led the retreat from it. The canal itself, the reason for all of it, sat blocked by scuttled ships for five months. Nobody's ships moved through it either.",none (has every current rule),16,13.1,https://news.voidvision.org/audio/history/suez-crisis.mp3,https://news.voidvision.org/history/suez-crisis/
The Sykes-Picot Agreement,sykes-picot-agreement,written,rendered,audio CONTRADICTS the current script: re-render or withdraw // OVER the 15 min format ceiling at 15.18 (audio gate allows 15.5): re-cut the script or accept // predates the institutional-voice convention: a report or agency may be read in the F voice,modern,,critical,empire,bm_george,critical empire: mid weight,bm_lewis,af_aoede,145.0,2015,1859,14.76,15.18,0.42,clean,5,British and French Imperial | Arab Nationalist / The Betrayal | Zionist | Peoples of the Levant and Mesopotamia | Later Scholarship / The Myth and the Line,6,7,6,M+N,"You know the story. Two men, a map, a ruler, the modern Middle East drawn in an afternoon. Here is what the record says instead. That line was never implemented. Mosul, given to France, ended up in British Iraq. Palestine, meant as an international zone, became a British mandate outright. The borders on the map today were drawn later, by conferences those two men were never invited to. A century afterward, a militia bulldozed a border and named the video after a map that had already stopped being the map.","Faisal had led the Arab Revolt, been crowned king of an independent Syria, and watched Maysalun burn that kingdom down. Britain installed him instead as king of Iraq: a country assembled from three Ottoman provinces, whose borders he had not drawn and whose peoples he barely knew.",institutional-voice convention,16,13.9,https://news.voidvision.org/audio/history/sykes-picot-agreement.mp3,https://news.voidvision.org/history/sykes-picot-agreement/
The Taiping Rebellion,taiping-rebellion,written,rendered,audio CONTRADICTS the current script: re-render or withdraw,modern,,catastrophic,political,am_michael,"catastrophic political: dark, but not funereal",bm_daniel,af_aoede,140.0,1946,1781,13.87,14.54,0.67,clean,5,Taiping Heavenly Kingdom | Qing Imperial | Western Missionary / Diplomatic | Marxist / PRC Historiography | Demographic / Humanitarian,5,6,2,M+N,"You think the worst war of the nineteenth century was fought over empire, or slavery, or land. This one started with a written exam. A man sat for it in Canton four times, in eighteen twenty eight, eighteen thirty six, eighteen thirty seven, and eighteen forty three, and failed every time. After the fourth failure, he reread a stack of Christian tracts he had once set aside, saw a series of visions, and decided he was the younger brother of Jesus Christ, sent to destroy demon worship in China. Between twenty and thirty million people were dead before it was over. More than World War One.","In nineteen fifty one, the People's Republic of China issued a postage stamp for the uprising's centennial. Hangzhou had held over one million people before the war. When it ended, fewer than fifty thousand were left.",none (has every current rule),15,13.3,https://news.voidvision.org/audio/history/taiping-rebellion.mp3,https://news.voidvision.org/history/taiping-rebellion/
The Trail of Tears,trail-of-tears,written,rendered,"audio CONTRADICTS the current script: re-render or withdraw // predates H-11: check any read-aloud quote the record marks attributed, paraphrased, secondhand or written in someone else's voice // predates the unnamed-witness rule: check any quote from a speaker the record does not name says so aloud // predates the per-voice budget: its length was sized against one average rate, not its own anchor // predates the institutional-voice convention: a report or agency may be read in the F voice",modern,,catastrophic,political,am_michael,"catastrophic political: dark, but not funereal",bm_daniel,af_aoede,140.0,1946,1689,13.3,13.72,0.42,clean,5,The Jacksonian case | The Cherokee Nation | The Georgia settlers | The settler colonial reading | Indigenous sovereignty today,5,6,2,M+N,"Most people think the Cherokee lost this fight in court. They had the strongest case in the history of federal Indian law, and they won it. In eighteen thirty two, in Worcester versus Georgia, Chief Justice John Marshall ruled that Georgia's laws had no force on Cherokee land, and that the Cherokee Nation was a sovereign nation only the federal government could deal with. Andrew Jackson is said to have answered that John Marshall had made his decision, and could now enforce it himself. Whether he used those exact words is disputed. What happened next is not disputed. He ignored the ruling, and six years later marched the Cherokee out at gunpoint anyway.","By the end of the decade, about sixty thousand people had been forced out of the Southeast. Nearly fifteen thousand of them did not survive it. In two thousand twenty, the Supreme Court ruled in McGirt versus Oklahoma that half of Oklahoma's land falls under tribal criminal jurisdiction, resting on the treaties signed during and after removal. The route is now a National Historic Trail, two thousand two hundred miles long, marked out in nineteen eighty seven. Every September, the Cherokee Nation walks part of it again.",per-voice length budget (H-07); H-11 paraphrase rule; H-11 secondhand + impersonated voice; unnamed-witness disclosure rule; institutional-voice convention,15,12.6,https://news.voidvision.org/audio/history/trail-of-tears.mp3,https://news.voidvision.org/history/trail-of-tears/
The Transatlantic Slave Trade,transatlantic-slave-trade,written,rendered,"audio CONTRADICTS the current script: re-render or withdraw // gate: warn H-10; warn H-10; warn H-10; warn H-10; warn H-10; warn H-18; warn H-18 // predates H-11: check any read-aloud quote the record marks attributed, paraphrased, secondhand or written in someone else's voice // predates the unnamed-witness rule: check any quote from a speaker the record does not name says so aloud // predates the per-voice budget: its length was sized against one average rate, not its own anchor // predates the institutional-voice convention: a report or agency may be read in the F voice",early-modern,,catastrophic,economic,am_michael,"catastrophic economic: dark, but not funereal",bm_daniel,af_aoede,140.0,1946,1902,14.46,14.3,-0.16,warn H-10; warn H-10; warn H-10; warn H-10; warn H-10; warn H-18; warn H-18,5,The European ledger | The diaspora | The African continent | The abolitionists | The African states that sold,4,6,1,M+N,"Most of it did not happen where you think it happened. Twelve and a half million people were put on ships in Africa. Ten point seven million came off them alive in the Americas. Mainland North America received about three hundred and eighty nine thousand of them, which is roughly three in every hundred. Brazil took four point nine million. The Caribbean took four point one million. The trade was an Atlantic system, not an American one, and it was run from ports in Lisbon and Liverpool by companies with shareholders and by captains who filed accounts.","The compensation Britain borrowed to pay slave owners in eighteen thirty three was a debt for a long time. The Treasury finished servicing it in twenty fifteen, which means Black British taxpayers spent their working lives helping to pay it off. Brazil was the last country in the Americas to abolish slavery, in eighteen eighty eight. There are people alive today whose grandparents were born into it. The database at Emory University has reconstructed thirty six thousand of these voyages, from the port books, the insurance records and the captains' accounts. It knows the tonnage of the ships. It knows the names of the captains and the owners and the underwriters. Of the twelve and a half million people, it has almost no names at all.",per-voice length budget (H-07); H-11 paraphrase rule; H-11 secondhand + impersonated voice; unnamed-witness disclosure rule; institutional-voice convention,14,13.1,https://news.voidvision.org/audio/history/transatlantic-slave-trade.mp3,https://news.voidvision.org/history/transatlantic-slave-trade/
The Treaty of Waitangi and the New Zealand Wars,treaty-of-waitangi,written,rendered,audio CONTRADICTS the current script: re-render or withdraw // gate: warn H-18; warn H-18,modern,,major,empire,bm_george,major empire: mid weight,bm_lewis,af_aoede,145.0,2015,1748,13.2,14.3,1.1,warn H-18; warn H-18,5,Maori Chiefs / Iwi | British Crown / Colonial Administration | Settler / Pakeha | Contemporary Treaty Jurisprudence / Waitangi Tribunal | Colonial Settler / Pakeha Progressive,5,5,3,F+M+N,"Most museums that hold the Treaty of Waitangi keep two documents in the case, in two languages. Ask which one nearly all the Maori chiefs who signed it actually read, and the honest answer is the version that never uses the Maori word for supreme authority. The English text ceded the Crown all the rights and powers of sovereignty. The Maori text, translated overnight by a missionary, ceded only te kawanatanga katoa: governance. Nearly every chief signed the Maori text. The two treaties do not say the same thing.","The Waikato Tainui settlement paid, for the one point two million acres the Crown confiscated in eighteen sixty three, roughly fourteen cents an acre. The original treaty, both texts, signed the same week in eighteen forty, is still held at Archives New Zealand in Wellington. Two documents. Two languages. One case.",none (has every current rule),15,13.1,https://news.voidvision.org/audio/history/treaty-of-waitangi.mp3,https://news.voidvision.org/history/treaty-of-waitangi/
The Vietnam War,vietnam-war,written,rendered,"audio CONTRADICTS the current script: re-render or withdraw // gate: warn H-11 // predates H-11: check any read-aloud quote the record marks attributed, paraphrased, secondhand or written in someone else's voice // predates the unnamed-witness rule: check any quote from a speaker the record does not name says so aloud // predates the per-voice budget: its length was sized against one average rate, not its own anchor // predates the institutional-voice convention: a report or agency may be read in the F voice",contemporary,,catastrophic,war,bm_lewis,catastrophic war: the gravest voice,bm_george,af_aoede,146.0,2029,1727,13.24,13.48,0.24,warn H-11,5,American Cold War / Containment | Vietnamese Revolutionary / Anti-Colonial | Anti-War / Pentagon Papers | Laotian and Cambodian / Spillover | Postcolonial / Global South,5,6,4,M+N,"Congress authorized this war five hundred and four votes to two. What it was voting on was a second attack on an American destroyer in the Gulf of Tonkin. The first attack, two days earlier, was real. The second was not: sonar operators had picked up their own ship's propeller wake and read it as torpedoes. NSA documents declassified in two thousand five confirmed it. President Johnson knew within days that the second attack never happened. He escalated anyway.","Maya Lin's black granite wall on the National Mall lists those fifty eight thousand two hundred twenty names, in the order they died. It does not list Vietnamese names.",per-voice length budget (H-07); H-11 paraphrase rule; H-11 secondhand + impersonated voice; unnamed-witness disclosure rule; institutional-voice convention,15,12.4,https://news.voidvision.org/audio/history/vietnam-war.mp3,https://news.voidvision.org/history/vietnam-war/
"Tiananmen Square, 1989",tiananmen-square,written,rendered,"audio CONTRADICTS the current script: re-render or withdraw // predates H-11: check any read-aloud quote the record marks attributed, paraphrased, secondhand or written in someone else's voice // predates the unnamed-witness rule: check any quote from a speaker the record does not name says so aloud // predates the per-voice budget: its length was sized against one average rate, not its own anchor // predates the institutional-voice convention: a report or agency may be read in the F voice",contemporary,,critical,revolution,bm_george,critical revolution: mid weight,bm_lewis,af_aoede,145.0,2015,1724,13.03,13.06,0.03,clean,5,Chinese Communist Party / State | Student Protesters / Democracy Movement | Foreign Journalist / Witness | Post-Tiananmen Academic / Dissident | Workers' Movement / Labor,5,5,3,F+M+N,"The massacre did not happen in Tiananmen Square. Every year the world uses that name for the third and fourth of June, nineteen eighty nine, and every year the record says something else. The square itself was cleared before dawn on June the fourth, mostly by negotiation between the last students and the soldiers surrounding them. The killing happened on the roads leading in: Chang'an Avenue, Muxidi, Fuxingmen, Xidan. Ordinary residents, not students, caught in the path of an army trying to reach a square that was already emptying. The picture the world kept was not wrong about the violence. It was wrong about where it was.","He died in state custody in twenty seventeen. The only Nobel Peace laureate to do that since Carl von Ossietzky, held by the Nazis in nineteen thirty eight.",per-voice length budget (H-07); H-11 paraphrase rule; H-11 secondhand + impersonated voice; unnamed-witness disclosure rule; institutional-voice convention,15,12.0,https://news.voidvision.org/audio/history/tiananmen-square.mp3,https://news.voidvision.org/history/tiananmen-square/
World War I,world-war-i,written,rendered,"audio CONTRADICTS the current script: re-render or withdraw // gate: warn H-11 // predates H-11: check any read-aloud quote the record marks attributed, paraphrased, secondhand or written in someone else's voice // predates the unnamed-witness rule: check any quote from a speaker the record does not name says so aloud // predates the per-voice budget: its length was sized against one average rate, not its own anchor // predates the institutional-voice convention: a report or agency may be read in the F voice",modern,,catastrophic,war,bm_lewis,catastrophic war: the gravest voice,bm_george,af_aoede,146.0,2029,1799,13.73,13.91,0.18,warn H-11,5,The Entente and the Allied victors | Germany and the Central Powers | The soldiers and the frontline experience | The colonial world and the Global South | Revisionist historiography,5,7,3,M+N,"Gavrilo Princip was nineteen, and he had already missed his chance once that day. Another conspirator's bomb had bounced off the Archduke's car earlier and wounded bystanders instead. Then the driver took a wrong turn onto the wrong street in Sarajevo, realized his mistake, and stopped the car to reverse it. Princip was standing a few feet away, outside a delicatessen. He fired twice. The heir to the Austro-Hungarian throne and his wife Sophie were both dead within minutes. And it took thirty seven days for that one shooting to become a war between five empires.","The armistice took effect at eleven in the morning on November eleventh, nineteen eighteen. The fighting had lasted four years and three months. Ho Chi Minh, then a young man living in Paris, petitioned that same year's peace conference for basic rights for the Vietnamese. Nobody answered him. And the influenza that spread through the crowded troop ships and trenches in nineteen eighteen kept killing long after the guns stopped. It killed more people than the war did.",per-voice length budget (H-07); H-11 paraphrase rule; H-11 secondhand + impersonated voice; unnamed-witness disclosure rule; institutional-voice convention,15,12.7,https://news.voidvision.org/audio/history/world-war-i.mp3,https://news.voidvision.org/history/world-war-i/
